Player,Pos,Age,Tm,G,MP,PER,TS%,3PAr,FTr,ORB%,DRB%,TRB%,AST%,STL%,BLK%,TOV%,USG%,OWS,DWS,WS,WS/48,OBPM,DBPM,BPM,VORP
Steven Adams,C,26,OKC,63,1680,20.5,.604,.006,.421,14.0,24.0,19.2,13.2,1.5,3.4,14.2,17.3,3.8,2.7,6.5,.185,1.9,1.1,2.9,2.1
Bam Adebayo,PF,22,MIA,72,2417,20.3,.598,.018,.484,8.5,24.9,17.0,24.2,1.7,3.8,17.6,21.2,4.6,3.9,8.5,.168,1.4,2.0,3.4,3.3
LaMarcus Aldridge,C,34,SAS,53,1754,19.7,.571,.198,.241,6.3,17.8,12.0,11.4,1.0,4.4,7.8,23.4,3.0,1.4,4.5,.122,1.8,-0.5,1.4,1.5
Kyle Alexander,PF,23,MIA,2,13,4.7,.500,.000,.000,17.9,8.3,12.9,0.0,0.0,0.0,33.3,10.2,0.0,0.0,0.0,-0.003,-6.1,-3.5,-9.6,0.0
Nickeil Alexander-Walker,SG,21,NOP,47,591,8.9,.473,.500,.139,1.6,13.5,7.5,21.1,1.3,1.1,16.1,23.3,-0.7,0.4,-0.2,-0.020,-3.2,-1.4,-4.6,-0.4
Grayson Allen,SG,24,MEM,38,718,12.0,.609,.562,.179,1.2,11.1,6.2,10.0,0.7,0.2,10.9,17.6,0.8,0.4,1.2,.082,-0.1,-1.2,-1.3,0.1
Jarrett Allen,C,21,BRK,70,1852,20.7,.664,.013,.581,12.3,24.9,18.7,8.9,1.0,4.2,11.7,14.9,5.2,2.9,8.2,.212,1.4,1.0,2.3,2.0
Kadeem Allen,SG,27,NYK,10,117,14.0,.512,.364,.250,1.8,6.6,4.1,27.0,2.1,1.6,14.1,20.6,0.1,0.1,0.1,.053,-0.1,-0.6,-0.7,0.0
Al-Farouq Aminu,PF,29,ORL,18,380,7.6,.395,.419,.337,6.6,18.4,12.3,7.4,2.3,1.9,14.7,13.2,-0.4,0.5,0.1,.014,-4.4,1.4,-3.0,-0.1
Justin Anderson,SF,26,BRK,10,107,3.2,.352,.763,.105,1.0,18.9,10.2,10.1,0.0,4.7,9.1,17.1,-0.2,0.1,-0.1,-0.054,-6.8,-0.9,-7.7,-0.2
Kyle Anderson,PF,26,MEM,67,1330,12.5,.534,.257,.236,4.7,17.6,11.3,15.9,1.9,2.4,15.3,13.5,0.9,1.7,2.5,.091,-1.5,2.0,0.5,0.9
Ryan Anderson,C,31,HOU,2,14,9.4,.357,.714,.000,0.0,52.9,26.2,20.4,3.3,0.0,12.5,23.7,0.0,0.0,0.0,-0.037,-3.3,0.5,-2.8,0.0
Giannis Antetokounmpo,PF,25,MIL,63,1917,31.9,.613,.237,.508,7.7,34.8,22.1,34.2,1.5,3.0,13.2,37.5,6.1,5.0,11.1,.279,7.4,4.1,11.5,6.6
Kostas Antetokounmpo,PF,22,LAL,5,20,16.3,.902,.000,.667,11.1,5.4,8.2,13.7,0.0,0.0,20.5,10.3,0.1,0.0,0.1,.193,0.2,-0.9,-0.7,0.0
Thanasis Antetokounmpo,SF,27,MIL,20,129,12.2,.496,.208,.354,9.8,8.7,9.2,16.3,2.5,1.4,17.8,21.6,-0.1,0.2,0.2,.070,-4.6,1.4,-3.2,0.0
Carmelo Anthony,PF,35,POR,58,1902,12.4,.525,.289,.206,4.0,16.1,10.1,6.4,1.2,1.2,10.5,21.2,0.4,0.9,1.3,.033,-1.8,-1.8,-3.6,-0.8
OG Anunoby,SF,22,TOR,69,2066,13.2,.600,.403,.180,4.2,14.2,9.3,7.5,2.2,2.1,11.5,14.3,2.1,3.7,5.7,.134,-0.8,1.9,1.2,1.7
Ryan Arcidiacono,PG,25,CHI,58,930,9.0,.551,.627,.173,2.3,11.2,6.5,14.3,1.4,0.3,13.5,12.5,0.7,0.7,1.4,.071,-2.7,-0.1,-2.8,-0.2
Trevor Ariza,SF,34,TOT,53,1493,11.0,.593,.639,.228,2.5,15.7,9.0,8.0,2.2,0.9,13.6,11.8,1.3,1.2,2.5,.081,-1.4,0.9,-0.5,0.5
Trevor Ariza,SF,34,SAC,32,791,9.4,.543,.739,.164,2.9,18.2,10.4,8.3,2.1,0.8,13.7,11.2,0.3,0.8,1.1,.066,-1.9,1.3,-0.7,0.3
Trevor Ariza,SF,34,POR,21,702,12.8,.643,.535,.296,2.0,12.8,7.4,7.6,2.3,1.0,13.5,12.5,1.0,0.4,1.4,.098,-0.9,0.4,-0.4,0.3
D.J. Augustin,PG,32,ORL,57,1420,14.0,.554,.436,.393,1.6,7.8,4.6,26.8,1.2,0.1,13.7,19.1,2.0,0.9,2.9,.098,-0.3,-1.3,-1.6,0.2
Deandre Ayton,C,21,PHO,38,1236,20.0,.568,.023,.157,13.0,26.3,19.6,9.7,1.0,4.1,11.6,23.7,1.5,1.6,3.1,.121,0.8,-0.4,0.4,0.7
Dwayne Bacon,SG,24,CHO,39,687,6.1,.419,.275,.217,2.3,14.0,7.9,11.7,1.7,0.3,12.2,19.5,-1.2,0.4,-0.8,-0.053,-5.9,-0.9,-6.8,-0.8
Marvin Bagley III,PF,20,SAC,13,334,15.6,.512,.132,.186,9.5,23.5,16.3,4.9,0.9,3.4,9.1,25.8,0.0,0.3,0.4,.051,-2.2,-1.3,-3.5,-0.1
Lonzo Ball,PG,22,NOP,63,2025,13.1,.517,.575,.111,3.7,16.4,10.0,29.1,2.0,1.6,21.1,18.5,0.4,2.0,2.4,.058,0.1,0.6,0.6,1.3
Mo Bamba,C,21,ORL,62,878,17.5,.542,.374,.161,11.9,25.6,18.5,7.2,1.3,8.8,12.1,17.1,0.8,1.7,2.5,.135,-1.2,1.6,0.4,0.5
J.J. Barea,PG,35,DAL,29,450,14.6,.512,.411,.106,2.4,9.9,6.2,37.1,0.5,0.4,14.9,24.2,0.5,0.2,0.7,.072,1.6,-3.0,-1.4,0.1
Harrison Barnes,PF,27,SAC,72,2482,13.3,.574,.338,.337,3.4,12.9,8.1,9.2,0.8,0.5,8.8,17.4,3.4,1.1,4.6,.088,0.0,-1.3,-1.3,0.5
RJ Barrett,SG,19,NYK,56,1704,10.7,.479,.271,.349,3.0,14.8,8.7,12.8,1.6,0.9,12.9,24.0,-1.6,1.1,-0.5,-0.015,-2.9,-1.5,-4.3,-1.0
Will Barton,SF,29,DEN,58,1916,15.6,.549,.390,.180,4.5,16.9,10.7,16.0,1.6,1.4,9.9,20.1,2.4,1.8,4.2,.106,1.2,-0.2,1.1,1.5
Keita Bates-Diop,SF,24,TOT,44,744,12.4,.539,.440,.321,3.5,15.1,9.1,5.8,1.2,2.7,6.0,15.8,0.6,0.6,1.2,.078,-1.0,-0.4,-1.4,0.1
Keita Bates-Diop,SF,24,MIN,37,646,12.5,.535,.456,.316,3.3,15.1,9.0,6.7,1.2,2.6,5.6,15.8,0.6,0.5,1.0,.077,-0.8,-0.1,-0.9,0.2
Keita Bates-Diop,SF,24,DEN,7,98,12.1,.571,.321,.357,4.6,14.8,9.7,0.0,1.0,3.8,8.5,15.7,0.1,0.1,0.2,.084,-2.2,-2.7,-4.9,-0.1
Nicolas Batum,SF,31,CHO,22,505,9.2,.463,.605,.123,5.2,16.8,10.8,18.3,1.7,1.5,20.5,9.4,0.2,0.4,0.6,.055,-2.8,0.9,-1.9,0.0
Aron Baynes,C,33,PHO,42,934,15.2,.581,.441,.197,8.3,20.0,14.1,10.9,0.5,2.1,10.8,21.1,1.3,0.8,2.1,.107,-0.2,-0.8,-1.0,0.2
Kent Bazemore,SF-SG,30,TOT,68,1688,9.3,.499,.457,.275,1.7,17.1,9.4,7.4,2.1,2.1,13.2,17.5,-0.9,1.5,0.6,.017,-3.4,0.3,-3.1,-0.5
Kent Bazemore,SF,30,POR,43,1111,7.5,.475,.525,.221,1.2,14.8,8.1,7.1,1.9,2.4,14.4,15.9,-1.0,0.8,-0.2,-0.008,-3.6,0.4,-3.2,-0.3
Kent Bazemore,SG,30,SAC,25,577,12.6,.533,.351,.361,2.7,21.6,11.9,8.0,2.4,1.5,11.4,20.4,0.1,0.7,0.8,.065,-3.0,0.3,-2.8,-0.1
Darius Bazley,PF,19,OKC,61,1130,9.6,.497,.445,.196,3.0,20.5,12.0,5.1,1.0,3.1,11.6,15.1,-0.5,1.5,1.0,.041,-2.1,0.5,-1.6,0.1
Bradley Beal,SG,26,WAS,57,2053,23.2,.579,.369,.351,2.7,10.5,6.4,29.5,1.6,1.0,11.4,34.4,4.5,0.6,5.1,.118,5.3,-2.4,2.9,2.5
Malik Beasley,SG,23,TOT,55,1209,12.7,.546,.517,.124,1.6,11.9,6.7,9.4,1.6,0.6,9.2,21.8,0.4,0.8,1.2,.049,-0.7,-1.4,-2.1,0.0
Malik Beasley,SG,23,DEN,41,746,10.5,.511,.535,.126,1.4,10.2,5.8,9.1,2.1,0.7,10.2,20.6,-0.2,0.6,0.5,.030,-2.2,-0.7,-2.9,-0.2
Malik Beasley,SG,23,MIN,14,463,16.2,.591,.494,.120,2.0,14.7,8.1,9.8,0.9,0.4,7.9,23.7,0.5,0.2,0.8,.079,1.7,-2.4,-0.7,0.2
Marco Belinelli,SG,33,SAS,57,883,10.8,.532,.567,.185,0.9,11.2,6.0,10.7,0.6,0.1,5.3,17.5,0.7,0.2,0.8,.046,-0.7,-2.0,-2.7,-0.2
Jordan Bell,C-PF,25,TOT,29,256,13.9,.577,.179,.463,12.0,21.8,16.7,8.9,0.5,3.2,20.7,16.4,0.2,0.2,0.4,.070,-1.4,-1.1,-2.5,0.0
Jordan Bell,C,25,MIN,27,235,14.1,.570,.150,.483,12.1,23.3,17.5,8.6,0.4,3.5,19.8,15.9,0.2,0.2,0.4,.072,-1.5,-1.1,-2.6,0.0
Jordan Bell,PF,25,MEM,2,21,12.6,.635,.429,.286,10.2,4.9,7.5,12.9,2.2,0.0,27.6,21.6,0.0,0.0,0.0,.047,-0.5,-1.0,-1.5,0.0
DeAndre' Bembry,SG,25,ATL,43,915,9.6,.500,.285,.211,4.0,14.1,8.9,12.3,2.8,1.7,19.4,14.0,-0.5,0.8,0.2,.012,-3.5,1.1,-2.5,-0.1
Dragan Bender,SF,22,TOT,16,286,10.9,.545,.467,.152,5.9,21.1,13.5,14.4,0.7,2.8,17.6,17.7,0.0,0.3,0.3,.052,-3.0,0.1,-3.0,-0.1
Dragan Bender,SF,22,MIL,7,91,8.4,.582,.429,.143,0.0,20.5,10.9,12.5,0.0,4.8,18.3,12.4,0.0,0.2,0.2,.105,-4.4,3.0,-1.4,0.0
Dragan Bender,SF,22,GSW,9,195,12.1,.534,.479,.155,8.6,21.3,14.7,15.2,1.0,1.8,17.4,20.1,0.0,0.1,0.1,.027,-2.4,-1.2,-3.7,-0.1
DÄvis BertÄns,PF,27,WAS,54,1583,15.5,.628,.774,.200,2.3,15.1,8.5,8.4,1.1,1.8,8.2,19.0,3.0,0.5,3.5,.107,2.7,-1.8,0.9,1.1
Patrick Beverley,PG,31,LAC,51,1342,12.5,.560,.604,.138,4.5,15.8,10.3,18.2,1.9,1.6,15.4,13.3,1.6,2.0,3.6,.128,-0.3,2.5,2.2,1.4
Khem Birch,C,27,ORL,48,922,11.7,.566,.007,.706,10.3,15.6,12.9,7.3,1.1,2.3,14.2,10.2,1.2,0.9,2.2,.112,-2.5,0.2,-2.4,-0.1
Goga Bitadze,C,20,IND,54,471,12.1,.523,.280,.220,5.9,18.7,12.3,6.7,1.0,6.9,14.5,17.9,-0.1,0.8,0.7,.067,-4.1,1.8,-2.3,0.0
Bismack Biyombo,C,27,CHO,53,1029,16.1,.570,.000,.543,12.3,20.7,16.3,7.8,0.5,4.4,12.2,16.8,1.5,0.9,2.4,.113,-1.8,-0.7,-2.5,-0.1
Nemanja Bjelica,PF,31,SAC,72,2011,15.7,.602,.490,.129,6.1,19.9,12.8,14.7,1.5,1.9,12.5,17.0,3.4,1.9,5.3,.127,1.2,0.5,1.7,1.9
Eric Bledsoe,PG,30,MIL,61,1646,17.6,.571,.306,.304,2.8,13.5,8.5,28.7,1.6,1.4,15.7,23.7,2.4,3.0,5.4,.157,0.8,1.1,1.8,1.6
Bogdan BogdanoviÄ‡,SG,27,SAC,61,1766,15.1,.565,.576,.151,1.6,11.8,6.6,18.0,1.8,0.8,11.1,22.6,1.8,1.3,3.1,.084,1.2,-0.5,0.6,1.2
Bojan BogdanoviÄ‡,SF,30,UTA,63,2083,15.6,.603,.489,.296,2.1,11.2,6.8,10.0,0.8,0.3,13.1,25.5,2.6,1.6,4.2,.096,1.6,-1.5,0.1,1.1
Bol Bol,SF,20,DEN,7,87,14.4,.617,.321,.357,6.4,18.0,12.2,9.8,1.1,6.4,23.6,21.2,0.0,0.1,0.1,.063,-2.1,-0.7,-2.9,0.0
Jonah Bolden,PF,24,TOT,7,47,4.9,.392,.364,.364,7.0,14.3,10.6,0.0,3.0,3.7,13.6,13.4,-0.1,0.1,0.0,-0.006,-8.7,-0.1,-8.8,-0.1
Jonah Bolden,PF,24,PHI,4,14,-2.0,.515,.333,.667,0.0,7.9,3.9,0.0,3.5,0.0,34.0,18.1,-0.1,0.0,0.0,-0.150,-13.9,-0.7,-14.5,0.0
Jonah Bolden,PF,24,PHO,3,33,7.9,.338,.375,.250,10.0,17.0,13.5,0.0,2.9,5.3,0.0,11.4,0.0,0.1,0.0,.054,-6.5,0.2,-6.3,0.0
Marques Bolden,C,21,CLE,1,3,19.8,,,,0.0,74.7,37.0,0.0,16.2,0.0,,0.0,0.0,0.0,0.0,.282,-5.9,11.3,5.4,0.0
Jordan Bone,PG,22,DET,10,53,0.8,.300,.500,.000,0.0,8.7,4.3,21.0,0.9,0.0,9.1,18.1,-0.1,0.0,-0.1,-0.117,-9.1,-2.8,-11.9,-0.1
Isaac Bonga,SF,20,WAS,66,1250,10.2,.608,.303,.363,6.0,13.8,9.7,7.9,1.7,1.5,17.6,11.0,1.2,0.6,1.8,.068,-2.7,-0.1,-2.8,-0.3
Devin Booker,SG,23,PHO,70,2512,20.6,.618,.310,.397,1.3,12.0,6.6,30.0,0.9,0.6,14.9,30.0,6.0,1.5,7.5,.143,3.4,-1.3,2.2,2.6
Chris Boucher,PF,27,TOR,62,819,20.7,.587,.395,.388,14.1,21.4,17.9,4.8,1.3,7.3,7.4,19.7,2.1,1.8,3.8,.224,1.0,1.0,2.0,0.8
Brian Bowen,SG,21,IND,6,31,0.1,.300,.200,.000,3.6,21.0,12.4,0.0,0.0,2.8,9.1,15.6,-0.1,0.0,-0.1,-0.107,-9.1,-1.6,-10.7,-0.1
Ky Bowman,PG,22,GSW,45,1015,9.1,.494,.333,.128,2.5,10.7,6.5,19.4,2.1,0.9,17.1,17.2,-0.6,0.6,-0.1,-0.003,-4.0,-0.3,-4.3,-0.6
Avery Bradley,SG,29,LAL,49,1186,8.9,.537,.452,.063,1.7,8.9,5.3,7.2,1.7,0.4,10.7,15.7,0.2,1.4,1.5,.062,-3.0,0.5,-2.5,-0.2
Tony Bradley,C,22,UTA,58,663,21.7,.681,.016,.243,19.1,25.0,22.2,5.4,1.0,4.1,12.5,15.8,2.2,1.1,3.3,.236,1.0,0.3,1.3,0.6
Jarrell Brantley,PF,23,UTA,9,96,8.0,.416,.464,.071,2.4,19.9,11.5,15.8,1.5,4.3,19.5,16.3,-0.2,0.1,0.0,-0.006,-5.3,0.7,-4.6,-0.1
Ignas Brazdeikis,SF,21,NYK,9,53,3.2,.351,.409,.227,3.9,6.2,5.0,10.6,0.0,1.8,7.6,21.0,-0.1,0.0,-0.1,-0.108,-5.1,-3.9,-9.0,-0.1
Corey Brewer,SG,33,SAC,5,33,8.7,.470,.250,.750,6.7,21.0,13.6,7.7,5.9,0.0,27.3,9.6,0.0,0.1,0.0,.064,-6.9,3.8,-3.1,0.0
Mikal Bridges,SF,23,PHO,73,2042,12.9,.620,.401,.252,3.5,12.4,7.9,8.6,2.4,2.0,12.0,12.7,2.5,2.3,4.8,.113,-0.6,1.5,0.8,1.5
Miles Bridges,SF,21,CHO,65,1995,12.1,.520,.398,.174,4.6,15.6,9.9,9.4,1.0,2.2,10.5,20.0,0.3,1.3,1.6,.039,-1.5,-1.0,-2.5,-0.3
Oshae Brissett,SF,21,TOR,19,135,6.7,.458,.417,.278,7.2,13.0,10.2,7.0,1.4,0.7,14.8,15.0,-0.1,0.2,0.1,.043,-5.8,0.4,-5.4,-0.1
Ryan Broekhoff,SG,29,DAL,17,180,13.1,.568,.864,.136,3.0,21.9,12.5,8.3,1.3,1.9,8.8,16.3,0.2,0.2,0.4,.109,0.4,0.3,0.7,0.1
Malcolm Brogdon,PG,27,IND,54,1666,17.7,.541,.309,.250,3.1,14.1,8.6,33.8,1.0,0.5,13.7,25.2,2.3,1.7,4.0,.114,2.3,-0.5,1.8,1.6
Dillon Brooks,SG,24,MEM,73,2112,11.3,.510,.385,.190,3.5,8.6,6.1,10.5,1.4,1.1,9.7,25.2,-0.4,1.6,1.2,.027,-2.6,-1.4,-4.1,-1.1
Bruce Brown,SG,23,DET,58,1634,11.9,.518,.215,.266,4.2,15.0,9.5,20.4,1.9,1.5,16.7,16.0,0.7,1.4,2.1,.062,-2.0,0.8,-1.2,0.3
Charlie Brown,SG,22,ATL,10,40,11.0,.472,.474,.263,5.3,5.5,5.4,7.3,2.3,4.2,12.4,25.1,0.0,0.0,0.0,-0.028,-1.1,-1.4,-2.5,0.0
Jaylen Brown,SF,23,BOS,57,1934,16.9,.583,.381,.274,3.5,16.5,10.1,9.7,1.6,1.0,11.2,24.7,2.3,2.6,4.9,.123,1.0,-0.2,0.8,1.4
Moses Brown,C,20,POR,9,33,6.7,.407,.000,.800,9.6,34.5,22.2,4.0,1.4,2.6,18.2,21.2,-0.1,0.0,0.0,-0.065,-8.2,-1.8,-10.0,-0.1
Sterling Brown,SF,24,MIL,52,767,9.5,.486,.531,.156,4.3,18.5,11.8,8.6,1.7,0.8,13.3,17.0,-0.4,1.5,1.1,.070,-3.0,1.0,-2.0,0.0
Troy Brown Jr.,SG,20,WAS,69,1782,13.7,.524,.288,.223,4.5,19.6,11.7,14.1,2.2,0.3,10.4,17.8,1.3,1.2,2.4,.065,-0.8,-0.4,-1.3,0.3
Jalen Brunson,PG,23,DAL,57,1022,14.9,.553,.309,.193,2.3,11.3,6.9,27.0,1.0,0.3,13.6,20.4,1.6,0.6,2.1,.101,0.1,-1.0,-0.9,0.3
Thomas Bryant,C,22,WAS,46,1147,21.1,.649,.218,.278,9.0,23.1,15.8,11.1,1.0,3.7,10.2,18.9,3.1,0.8,3.9,.164,2.9,-0.7,2.2,1.2
Reggie Bullock,SG,28,NYK,29,684,9.3,.502,.496,.094,2.0,8.8,5.3,8.8,1.8,0.4,7.5,15.6,0.2,0.3,0.5,.036,-2.8,-0.3,-3.0,-0.2
Trey Burke,PG,27,TOT,33,520,15.6,.548,.359,.139,3.4,7.0,5.2,23.7,1.5,0.3,8.7,20.0,1.0,0.4,1.3,.123,0.8,-1.0,-0.2,0.2
Trey Burke,PG,27,PHI,25,329,15.4,.545,.299,.142,5.0,6.7,5.9,23.9,1.0,0.3,8.2,19.2,0.6,0.2,0.9,.127,0.7,-1.2,-0.5,0.1
Trey Burke,PG,27,DAL,8,191,16.0,.553,.451,.134,0.6,7.6,4.1,23.2,2.3,0.4,9.4,21.4,0.3,0.2,0.5,.117,1.0,-0.8,0.2,0.1
Alec Burks,SG,28,TOT,66,1754,16.7,.561,.392,.345,2.9,14.9,8.7,17.2,1.7,0.9,9.3,23.8,2.5,1.2,3.7,.101,1.2,-0.7,0.5,1.1
Alec Burks,SG,28,GSW,48,1390,16.1,.552,.373,.373,2.8,15.3,8.8,17.4,1.7,1.1,9.8,23.8,1.6,0.9,2.5,.085,0.7,-0.6,0.1,0.7
Alec Burks,SG,28,PHI,18,364,19.0,.594,.461,.246,3.3,13.7,8.5,16.3,1.6,0.0,7.5,23.7,0.9,0.4,1.2,.161,3.1,-1.1,2.0,0.4
Deonte Burton,SG,26,OKC,39,356,4.3,.396,.424,.112,2.2,15.1,8.8,6.8,1.0,2.4,12.7,18.5,-0.9,0.4,-0.5,-0.067,-6.3,-0.5,-6.8,-0.4
Jimmy Butler,SF,30,MIA,58,1959,23.6,.585,.157,.693,6.3,15.4,11.0,28.1,2.6,1.6,11.4,25.1,6.3,2.7,9.0,.221,4.0,1.5,5.4,3.7
Bruno Caboclo,C,24,TOT,30,244,14.1,.484,.371,.101,10.0,15.8,12.9,6.8,2.9,6.1,12.3,18.0,0.0,0.4,0.4,.076,-3.0,0.9,-2.1,0.0
Bruno Caboclo,C,24,MEM,22,192,11.9,.441,.362,.043,9.5,14.5,12.1,7.1,2.4,5.5,9.1,16.8,-0.1,0.3,0.2,.053,-3.4,0.7,-2.7,0.0
Bruno Caboclo,C,24,HOU,8,52,22.1,.618,.400,.300,12.0,20.3,16.1,5.9,4.4,8.2,20.9,22.8,0.0,0.1,0.2,.162,-1.4,1.6,0.2,0.0
Devontae Cacok,C,23,LAL,1,9,28.6,.500,.000,.000,24.6,36.1,30.4,20.3,0.0,0.0,0.0,28.1,0.0,0.0,0.0,.226,4.8,-4.6,0.2,0.0
Kentavious Caldwell-Pope,SG,26,LAL,69,1762,11.0,.584,.471,.201,2.4,6.4,4.4,8.5,1.5,0.7,10.1,14.7,1.9,1.9,3.7,.102,-1.2,0.4,-0.8,0.5
Vlatko ÄŒanÄar,SF,22,DEN,14,45,11.4,.507,.400,.267,12.5,12.4,12.4,9.1,1.1,2.1,15.2,19.1,0.0,0.0,0.1,.062,-3.4,-1.2,-4.6,0.0
Clint Capela,C,25,HOU,39,1279,20.6,.626,.000,.268,13.6,30.5,22.0,5.7,1.2,4.8,12.7,16.1,2.8,2.1,4.9,.184,1.0,0.4,1.4,1.1
DeMarre Carroll,SF-PF,33,TOT,24,290,9.1,.515,.500,.636,4.4,15.8,10.1,11.2,1.3,1.5,16.8,14.8,0.0,0.2,0.3,.045,-3.1,-0.7,-3.9,-0.1
DeMarre Carroll,SF,33,SAS,15,135,4.9,.437,.448,.690,5.6,19.2,12.4,10.1,0.7,1.3,20.9,15.3,-0.2,0.1,-0.1,-0.036,-5.9,-1.1,-7.0,-0.2
DeMarre Carroll,PF,33,HOU,9,155,12.8,.578,.541,.595,3.3,13.0,8.1,12.2,1.8,1.7,13.0,14.3,0.2,0.2,0.4,.114,-0.7,-0.4,-1.1,0.0
Jevon Carter,PG,24,PHO,58,945,11.3,.563,.601,.111,3.5,10.5,6.9,11.9,2.4,1.6,11.2,12.9,0.8,1.0,1.8,.093,-0.7,1.3,0.6,0.6
Vince Carter,SF,43,ATL,60,876,7.5,.470,.664,.095,2.2,13.2,7.6,7.7,1.2,2.4,9.4,16.6,-0.6,0.4,-0.2,-0.011,-3.1,-1.2,-4.3,-0.5
Wendell Carter Jr.,C,20,CHI,43,1256,15.5,.590,.085,.443,11.6,24.6,17.8,6.0,1.3,2.7,14.9,16.4,1.7,1.6,3.3,.127,-2.1,-0.3,-2.4,-0.1
Michael Carter-Williams,SG,28,ORL,45,833,15.3,.535,.288,.365,5.8,13.5,9.5,19.1,2.9,2.4,14.7,18.3,0.7,1.2,1.9,.111,-1.5,1.6,0.1,0.5
Alex Caruso,PG,25,LAL,64,1175,10.8,.525,.412,.323,1.6,9.8,5.7,13.6,2.8,1.4,13.8,13.8,0.5,1.8,2.3,.095,-2.6,2.4,-0.2,0.5
Willie Cauley-Stein,C,26,TOT,54,1097,17.0,.589,.003,.219,8.0,23.3,15.5,9.9,2.1,5.0,10.8,14.4,1.5,1.5,2.9,.128,-1.2,1.7,0.5,0.7
Willie Cauley-Stein,C,26,GSW,41,940,16.2,.573,.000,.222,7.9,22.0,14.7,9.9,2.3,4.8,11.0,14.4,1.0,1.2,2.2,.113,-1.6,1.6,0.0,0.5
Willie Cauley-Stein,C,26,DAL,13,157,22.2,.684,.022,.200,8.8,31.0,20.1,9.6,1.2,6.0,9.3,14.7,0.5,0.3,0.7,.222,0.9,2.2,3.1,0.2
Tyson Chandler,C,37,HOU,26,219,10.8,.717,.000,.722,11.8,19.8,15.8,3.5,1.3,3.1,25.2,6.0,0.3,0.3,0.6,.131,-2.6,1.1,-1.5,0.0
Wilson Chandler,SF,32,BRK,35,734,7.4,.531,.661,.126,1.6,18.5,10.2,7.3,1.0,1.4,15.0,12.9,-0.1,0.9,0.7,.046,-3.8,1.0,-2.7,-0.1
Joe Chealey,PG,24,CHO,4,33,-2.9,.127,.571,.286,0.0,0.0,0.0,3.9,6.1,0.0,20.2,13.2,-0.2,0.0,-0.1,-0.188,-14.3,1.7,-12.5,-0.1
Zylan Cheatham,SF,24,NOP,4,51,6.7,.667,.111,.000,6.2,12.5,9.4,7.7,0.9,1.6,30.8,10.4,0.0,0.0,0.0,.034,-6.5,-0.6,-7.1,-0.1
Chris Chiozza,PG,24,TOT,28,401,12.0,.499,.514,.036,2.4,11.6,6.9,29.4,2.5,0.9,18.4,18.1,0.0,0.4,0.5,.055,-1.6,0.5,-1.2,0.1
Chris Chiozza,PG,24,WAS,10,123,9.2,.397,.471,.000,0.0,13.9,6.7,29.2,3.8,1.4,20.9,14.5,-0.1,0.1,0.0,-0.001,-3.6,2.2,-1.5,0.0
Chris Chiozza,PG,24,BRK,18,278,13.2,.531,.528,.047,3.4,10.6,7.1,29.5,1.9,0.6,17.5,19.7,0.2,0.3,0.5,.080,-0.8,-0.3,-1.1,0.1
Marquese Chriss,PF,22,GSW,59,1196,19.5,.604,.101,.405,10.0,23.6,16.5,15.3,1.6,4.7,14.7,19.0,2.1,1.3,3.4,.136,0.0,0.6,0.6,0.8
Gary Clark,PF,25,TOT,42,567,10.7,.568,.835,.075,6.8,14.0,10.3,4.1,0.5,3.4,6.8,11.0,0.7,0.5,1.2,.100,-0.9,-1.0,-1.9,0.0
Gary Clark,PF,25,HOU,18,212,11.8,.564,.864,.119,5.4,14.5,9.9,7.7,0.4,2.8,3.1,12.5,0.4,0.2,0.5,.123,0.3,-0.9,-0.6,0.1
Gary Clark,PF,25,ORL,24,355,10.1,.571,.811,.041,7.6,13.8,10.6,1.9,0.5,3.8,9.6,10.1,0.3,0.3,0.6,.087,-1.7,-1.0,-2.7,-0.1
Brandon Clarke,PF,23,MEM,58,1300,20.9,.663,.134,.234,7.6,20.1,14.0,9.5,1.1,3.2,9.4,18.7,3.4,1.6,5.0,.183,2.4,0.7,3.1,1.7
Jordan Clarkson,SG,27,TOT,71,1705,17.3,.574,.476,.190,3.3,8.7,6.1,13.2,1.3,0.8,9.4,26.3,2.4,1.0,3.4,.096,2.4,-1.3,1.1,1.3
Jordan Clarkson,SG,27,CLE,29,666,18.6,.581,.488,.264,3.5,8.1,5.8,17.0,1.2,1.0,9.7,25.9,1.4,0.1,1.5,.107,4.1,-1.4,2.7,0.8
Jordan Clarkson,SG,27,UTA,42,1039,16.5,.569,.470,.146,3.2,9.1,6.3,10.8,1.4,0.6,9.2,26.7,1.0,0.9,1.9,.089,1.3,-1.2,0.1,0.5
Nicolas Claxton,PF,20,BRK,15,187,14.8,.577,.146,.438,10.7,13.6,12.2,12.4,0.3,3.6,13.6,14.8,0.3,0.2,0.5,.121,-0.7,0.0,-0.6,0.1
Chris Clemons,SG,22,HOU,33,291,13.1,.548,.754,.077,1.4,9.4,5.4,14.3,1.4,1.8,11.5,23.6,0.1,0.2,0.4,.058,0.3,-1.3,-1.0,0.1
Antonius Cleveland,SG,25,DAL,11,46,2.5,.340,.214,.357,4.6,11.3,8.0,2.8,1.1,5.6,11.0,16.9,-0.1,0.0,-0.1,-0.076,-9.0,-1.0,-10.1,-0.1
Amir Coffey,SG,22,LAC,18,159,8.5,.493,.352,.204,2.7,7.6,5.2,12.3,1.5,1.1,12.0,17.6,0.0,0.2,0.1,.041,-4.2,0.1,-4.1,-0.1
John Collins,PF,22,ATL,41,1363,23.5,.659,.243,.248,9.0,24.0,16.4,7.6,1.1,4.1,10.1,22.7,3.8,1.2,4.9,.174,3.7,-0.6,3.1,1.7
Zach Collins,PF,22,POR,11,290,9.9,.538,.279,.118,9.1,15.7,12.4,7.2,0.8,1.5,16.4,12.5,0.2,0.1,0.3,.052,-1.7,-1.4,-3.1,-0.1
Mike Conley,PG,32,UTA,47,1363,14.1,.537,.451,.245,2.8,9.2,6.1,23.1,1.3,0.3,12.8,23.1,1.4,1.1,2.5,.089,0.7,-0.4,0.3,0.8
Pat Connaughton,SG,27,MIL,67,1243,11.5,.565,.551,.133,5.1,16.8,11.3,10.9,0.9,2.2,14.0,12.3,1.1,2.3,3.4,.130,-0.9,1.5,0.6,0.8
Quinn Cook,PG,26,LAL,44,508,10.0,.509,.397,.065,2.4,8.5,5.5,13.8,1.1,0.4,13.0,21.0,-0.2,0.5,0.3,.030,-2.3,-1.4,-3.8,-0.2
Tyler Cook,PF,22,TOT,13,54,19.4,.741,.000,.667,12.3,16.6,14.4,2.9,2.7,0.0,16.2,14.7,0.2,0.0,0.2,.182,0.3,-0.7,-0.4,0.0
Tyler Cook,PF,22,CLE,11,35,23.9,.752,.000,.600,12.6,19.2,15.9,4.5,1.4,0.0,7.3,16.7,0.2,0.0,0.2,.244,2.9,-0.6,2.3,0.0
Tyler Cook,PF,22,DEN,2,19,11.3,.694,.000,1.000,11.8,11.8,11.8,0.0,5.2,0.0,41.0,11.2,0.0,0.0,0.0,.069,-4.5,-0.9,-5.4,0.0
Robert Covington,PF-C,29,TOT,70,2137,13.3,.559,.664,.172,3.0,20.2,11.4,5.9,2.5,3.7,11.7,17.0,0.7,3.0,3.7,.083,-1.2,1.3,0.0,1.1
Robert Covington,PF,29,MIN,48,1411,13.5,.572,.629,.190,2.6,19.5,10.7,5.9,2.6,2.6,12.0,17.8,0.5,1.8,2.3,.078,-1.2,1.2,0.0,0.7
Robert Covington,C,29,HOU,22,726,13.1,.531,.740,.132,3.9,21.7,12.7,6.1,2.2,5.7,11.1,15.4,0.2,1.2,1.4,.094,-1.2,1.3,0.1,0.4
Allen Crabbe,SG,27,TOT,37,653,6.0,.470,.672,.079,1.8,11.0,6.3,6.8,1.1,0.5,8.5,12.7,-0.2,0.2,-0.1,-0.007,-3.8,-1.5,-5.3,-0.5
Allen Crabbe,SG,27,ATL,28,522,7.2,.482,.650,.084,2.0,11.5,6.7,7.3,1.3,0.6,7.5,12.7,-0.1,0.1,0.1,.009,-3.1,-1.1,-4.1,-0.3
Allen Crabbe,SG,27,MIN,9,131,1.1,.416,.765,.059,0.8,9.2,4.8,5.1,0.0,0.0,12.5,12.5,-0.2,0.0,-0.2,-0.068,-6.7,-3.2,-9.9,-0.3
Torrey Craig,SF,29,DEN,58,1072,10.8,.553,.513,.134,6.6,13.2,9.9,5.9,1.1,3.1,8.1,12.6,1.1,0.9,2.0,.091,-2.0,-0.3,-2.3,-0.1
Jamal Crawford,SG,39,BRK,1,6,33.2,.625,.500,.000,0.0,0.0,0.0,100.0,0.0,0.0,0.0,27.9,0.1,0.0,0.1,.492,12.4,2.6,15.0,0.0
Jae Crowder,SF,29,TOT,65,1875,12.5,.553,.700,.222,3.0,18.5,11.0,11.5,1.8,1.2,10.0,15.5,1.6,2.2,3.8,.098,-0.5,0.4,-0.1,0.9
Jae Crowder,SF,29,MEM,45,1322,11.0,.507,.667,.238,3.2,18.5,11.0,12.2,1.7,0.9,10.9,15.6,0.5,1.4,1.9,.069,-1.4,0.2,-1.2,0.3
Jae Crowder,SF,29,MIA,20,553,16.3,.669,.780,.183,2.5,18.5,10.8,9.7,2.2,1.8,7.8,15.3,1.2,0.8,1.9,.169,1.7,0.8,2.5,0.6
Jarrett Culver,SG,20,MIN,63,1506,9.6,.467,.388,.206,4.7,10.3,7.4,10.8,1.8,2.1,11.5,19.2,-1.2,1.1,-0.1,-0.004,-3.3,-0.7,-4.0,-0.8
Seth Curry,SG,29,DAL,64,1576,15.5,.643,.559,.169,1.8,7.8,4.8,11.6,1.2,0.5,9.1,18.4,3.5,0.8,4.3,.130,1.7,-0.9,0.8,1.2
Stephen Curry,PG,31,GSW,5,139,21.7,.557,.598,.317,3.0,17.8,10.1,42.3,1.7,1.3,14.6,33.6,0.2,0.1,0.3,.103,4.5,-0.6,3.9,0.2
Troy Daniels,SG,28,TOT,47,532,8.4,.518,.710,.086,2.5,8.2,5.4,4.3,1.0,0.5,5.9,16.3,0.1,0.5,0.6,.056,-1.7,-1.2,-2.9,-0.1
Troy Daniels,SG,28,LAL,41,456,9.0,.527,.709,.101,2.9,8.1,5.5,4.1,0.8,0.6,5.2,16.1,0.2,0.4,0.7,.069,-1.2,-1.1,-2.2,0.0
Troy Daniels,SG,28,DEN,6,76,5.3,.464,.714,.000,0.0,8.8,4.4,5.4,2.0,0.0,9.7,17.7,-0.1,0.1,0.0,-0.025,-4.8,-2.4,-7.2,-0.1
Anthony Davis,PF,26,LAL,62,2131,27.4,.610,.199,.479,7.4,22.1,14.8,15.1,2.0,6.0,10.4,29.3,6.7,4.4,11.1,.250,5.4,2.6,8.0,5.4
Ed Davis,C,30,UTA,28,303,9.5,.489,.000,.304,13.2,24.6,19.1,5.2,1.8,2.5,20.0,9.4,0.2,0.5,0.6,.102,-4.6,1.5,-3.2,-0.1
Terence Davis,SG,22,TOR,72,1209,13.8,.588,.555,.135,4.5,16.0,10.3,14.2,1.5,1.1,14.1,19.0,1.2,1.9,3.1,.122,0.1,0.7,0.8,0.8
Dewayne Dedmon,C,30,TOT,44,774,9.4,.473,.420,.141,8.5,27.6,17.8,4.0,1.5,4.8,17.4,18.1,-1.0,1.0,0.1,.005,-5.8,0.0,-5.8,-0.7
Dewayne Dedmon,C,30,SAC,34,541,8.5,.477,.415,.164,9.3,25.8,17.4,3.9,1.3,4.6,20.4,18.5,-0.8,0.7,-0.1,-0.007,-6.3,-0.1,-6.4,-0.6
Dewayne Dedmon,C,30,ATL,10,233,11.4,.463,.429,.095,6.4,31.8,18.9,4.3,2.0,5.4,10.3,17.4,-0.2,0.3,0.2,.032,-4.6,0.1,-4.5,-0.1
Matthew Dellavedova,PG,29,CLE,57,821,8.1,.463,.520,.211,2.4,7.8,5.1,29.0,1.2,0.2,23.6,13.0,0.1,0.1,0.2,.011,-3.6,-1.6,-5.2,-0.7
DeMar DeRozan,SF,30,SAS,68,2316,21.6,.603,.033,.430,2.0,15.4,8.7,26.1,1.4,0.8,11.6,26.3,5.9,1.3,7.3,.151,2.3,-0.4,1.9,2.3
Cheick Diallo,C,23,PHO,47,479,16.5,.688,.021,.275,6.9,23.7,15.2,6.9,1.1,2.2,16.7,17.0,0.8,0.5,1.3,.132,-1.1,-0.2,-1.3,0.1
Hamidou Diallo,SF,21,OKC,46,896,9.3,.491,.193,.213,5.6,14.7,10.3,5.9,2.0,0.9,13.6,18.4,-0.7,1.1,0.4,.022,-4.2,0.3,-3.9,-0.4
Gorgui Dieng,C,30,TOT,63,1096,17.1,.568,.418,.277,8.5,25.8,17.0,9.7,2.2,4.5,12.8,17.6,1.3,1.7,2.9,.129,-0.2,1.8,1.5,1.0
Gorgui Dieng,C,30,MIN,46,778,17.8,.563,.433,.213,9.5,25.8,17.4,11.1,2.2,4.5,12.7,18.4,0.9,1.1,2.1,.129,0.3,1.5,1.8,0.7
Gorgui Dieng,C,30,MEM,17,318,15.5,.583,.368,.483,6.1,26.0,16.2,6.3,2.1,4.7,13.2,15.9,0.3,0.6,0.9,.130,-1.5,2.5,1.0,0.2
Spencer Dinwiddie,SG,26,BRK,64,1994,17.8,.541,.392,.437,1.7,9.6,5.7,35.0,0.9,0.9,12.5,29.2,3.2,1.6,4.8,.116,2.7,-0.8,1.8,1.9
Donte DiVincenzo,SG,23,MIL,66,1520,14.1,.557,.484,.169,4.6,15.5,10.3,13.6,2.6,1.2,14.1,17.3,1.0,3.2,4.3,.135,-1.1,2.4,1.3,1.3
Luka DonÄiÄ‡,PG,20,DAL,61,2047,27.6,.585,.431,.448,4.1,25.0,14.7,45.7,1.5,0.6,14.8,36.8,6.5,2.3,8.8,.207,7.4,1.0,8.4,5.4
Luguentz Dort,SG,20,OKC,36,820,7.6,.506,.463,.243,3.3,7.5,5.5,4.6,1.8,0.4,8.4,14.1,0.1,0.8,0.8,.049,-4.1,0.4,-3.7,-0.4
Damyean Dotson,SG,25,NYK,48,836,10.9,.527,.562,.114,1.2,10.6,5.8,10.0,1.3,0.5,6.5,16.5,0.6,0.4,0.9,.053,-0.9,-0.5,-1.5,0.1
Sekou Doumbouya,SF,19,DET,38,754,6.2,.474,.415,.195,3.0,14.9,8.9,3.6,1.3,0.9,12.0,16.9,-0.8,0.5,-0.3,-0.020,-5.3,-1.4,-6.7,-0.9
PJ Dozier,PG,23,DEN,29,412,11.6,.495,.312,.185,2.7,12.2,7.5,21.6,1.7,1.3,13.7,20.8,0.0,0.4,0.4,.044,-2.6,-1.3,-3.9,-0.2
Goran DragiÄ‡,PG,33,MIA,59,1663,16.3,.573,.467,.340,2.0,10.2,6.3,29.2,1.2,0.6,14.8,25.9,2.2,1.3,3.5,.102,1.4,-1.6,-0.1,0.8
Andre Drummond,C,26,TOT,57,1879,22.0,.553,.045,.375,14.9,37.5,26.0,13.6,2.8,4.2,18.2,25.9,0.6,3.6,4.2,.108,-0.1,1.1,0.9,1.4
Andre Drummond,C,26,DET,49,1654,22.1,.550,.031,.376,15.3,38.2,26.6,14.0,2.9,4.2,18.0,25.5,0.7,3.3,4.0,.116,0.0,1.2,1.1,1.3
Andre Drummond,C,26,CLE,8,225,21.1,.573,.133,.371,11.7,32.4,22.0,10.8,2.6,4.2,19.2,28.7,-0.1,0.3,0.3,.053,-0.9,0.4,-0.4,0.1
Jared Dudley,SF,34,LAL,45,364,7.8,.558,.700,.033,1.8,13.7,7.8,9.5,2.0,0.7,11.6,8.0,0.3,0.5,0.8,.102,-2.8,2.0,-0.8,0.1
Kris Dunn,PG,25,CHI,51,1269,12.1,.510,.327,.158,1.9,14.9,8.1,19.4,3.8,1.3,15.7,14.6,0.3,2.0,2.3,.085,-3.7,3.1,-0.6,0.4
Carsen Edwards,SG,21,BOS,37,351,6.9,.444,.594,.148,1.9,12.4,7.2,9.3,1.7,1.1,9.9,18.4,-0.3,0.4,0.1,.014,-4.4,-0.2,-4.6,-0.2
Henry Ellenson,PF,23,BRK,5,15,-1.3,.143,.571,.000,14.1,27.0,20.7,8.7,0.0,0.0,0.0,19.5,-0.1,0.0,-0.1,-0.183,-7.8,-3.1,-10.9,0.0
Wayne Ellington,SG,32,NYK,36,558,8.5,.509,.822,.075,0.7,12.0,6.2,11.0,1.1,0.7,9.1,15.0,0.2,0.2,0.4,.035,-1.9,-0.9,-2.9,-0.1
Joel Embiid,C,25,PHI,51,1506,25.8,.590,.215,.543,10.3,33.2,21.7,16.9,1.4,3.7,13.8,32.9,3.3,2.7,6.0,.192,3.7,1.0,4.7,2.5
James Ennis,SF,29,TOT,69,1265,11.5,.565,.471,.273,6.1,15.3,10.6,7.0,1.3,1.5,12.6,15.7,1.0,1.4,2.4,.090,-2.2,-0.4,-2.6,-0.2
James Ennis,SF,29,PHI,49,776,12.3,.564,.469,.270,6.8,14.5,10.7,7.3,1.4,1.5,10.9,15.7,0.9,0.9,1.7,.106,-1.5,0.0,-1.5,0.1
James Ennis,SF,29,ORL,20,489,10.3,.566,.474,.278,4.9,16.4,10.5,6.5,1.2,1.5,15.3,15.6,0.2,0.5,0.7,.064,-3.3,-1.1,-4.4,-0.3
Drew Eubanks,PF,22,SAS,22,272,17.3,.682,.015,.388,11.1,22.6,16.8,7.7,0.9,5.5,21.1,15.8,0.5,0.3,0.8,.134,-1.4,-0.3,-1.7,0.0
Jacob Evans,SG,22,TOT,29,418,5.5,.436,.291,.216,2.3,8.6,5.3,10.8,1.3,2.6,14.6,17.5,-0.7,0.2,-0.5,-0.056,-5.8,-1.3,-7.1,-0.5
Jacob Evans,SG,22,GSW,27,414,5.6,.439,.286,.218,2.3,8.7,5.4,10.9,1.3,2.6,14.6,17.6,-0.6,0.2,-0.5,-0.054,-5.7,-1.2,-7.0,-0.5
Jacob Evans,SG,22,MIN,2,4,-9.6,.000,1.000,.000,0.0,0.0,0.0,0.0,0.0,0.0,0.0,10.3,0.0,0.0,0.0,-0.263,-10.5,-5.5,-16.1,0.0
Dante Exum,SG,24,TOT,35,485,10.3,.576,.361,.361,2.7,12.6,7.7,11.5,1.3,1.4,18.4,15.0,0.2,0.2,0.4,.043,-2.5,-0.4,-2.9,-0.1
Dante Exum,SG,24,UTA,11,83,4.8,.503,.261,.087,4.1,11.5,8.0,11.9,0.6,2.0,29.5,17.8,-0.2,0.1,-0.1,-0.056,-5.2,-0.5,-5.7,-0.1
Dante Exum,SG,24,CLE,24,402,11.5,.592,.385,.427,2.5,12.8,7.6,11.4,1.5,1.3,15.6,14.4,0.4,0.2,0.5,.063,-2.0,-0.4,-2.4,0.0
Tacko Fall,C,24,BOS,7,33,28.4,.751,.000,.214,3.3,44.9,24.3,5.8,1.5,11.2,16.4,23.7,0.1,0.1,0.2,.223,0.4,6.0,6.5,0.1
Derrick Favors,C,28,NOP,51,1243,18.5,.620,.021,.209,13.9,28.9,21.4,9.2,1.1,3.1,12.9,14.0,2.6,1.6,4.2,.162,0.7,0.3,1.0,0.9
Cristiano FelÃ­cio,PF,27,CHI,22,386,12.8,.671,.037,.426,15.0,14.1,14.6,5.7,1.2,0.5,21.9,9.1,0.7,0.3,1.0,.126,-1.4,-1.6,-3.0,-0.1
Terrance Ferguson,SF,21,OKC,56,1257,3.7,.481,.764,.091,2.1,4.4,3.3,5.3,1.0,1.2,11.9,9.1,-0.3,0.9,0.6,.021,-4.8,0.3,-4.5,-0.8
Bruno Fernando,C,21,ATL,56,713,11.9,.542,.186,.256,10.0,20.0,15.0,9.9,1.2,2.0,15.9,15.3,0.4,0.4,0.8,.055,-3.2,-0.9,-4.1,-0.4
Yogi Ferrell,PG,26,SAC,50,530,12.2,.528,.420,.223,1.2,9.4,5.2,18.8,1.6,0.7,11.9,19.2,0.3,0.3,0.7,.060,-1.5,-0.3,-1.8,0.0
Dorian Finney-Smith,PF,26,DAL,71,2120,12.3,.595,.580,.207,7.3,12.7,10.0,7.2,1.0,1.6,10.8,12.9,3.3,1.5,4.9,.110,0.1,-0.3,-0.2,0.9
Bryn Forbes,SG,26,SAS,63,1579,11.1,.570,.656,.155,0.8,7.8,4.3,9.5,1.0,0.0,8.4,18.5,1.3,0.3,1.5,.047,-0.6,-2.1,-2.7,-0.3
Evan Fournier,SG,27,ORL,66,2076,16.4,.595,.467,.237,0.9,8.2,4.4,16.6,1.7,0.7,10.9,23.9,2.9,1.7,4.6,.106,1.4,-0.4,1.0,1.6
De'Aaron Fox,PG,22,SAC,51,1634,20.6,.558,.227,.420,2.4,11.4,6.8,35.3,2.2,1.5,14.1,29.8,2.6,1.4,4.0,.118,2.3,-0.5,1.8,1.6
Melvin Frazier,SG,23,ORL,19,126,9.8,.559,.471,.118,1.7,7.1,4.3,3.4,3.5,1.4,12.3,14.0,0.0,0.2,0.2,.057,-3.5,1.2,-2.3,0.0
Michael Frazier,SG,25,HOU,13,145,-0.9,.384,.793,.483,0.7,6.6,3.6,1.7,0.6,0.0,12.5,11.5,-0.2,0.1,-0.2,-0.060,-8.9,-2.1,-11.0,-0.3
Tim Frazier,PG,29,DET,27,355,9.8,.464,.319,.255,2.8,7.8,5.3,36.5,1.9,0.9,25.6,17.3,-0.1,0.2,0.1,.016,-3.0,-1.6,-4.6,-0.2
Markelle Fultz,PG,21,ORL,72,1996,14.3,.517,.175,.206,2.1,11.0,6.4,29.0,2.2,0.5,14.9,21.4,0.6,2.0,2.7,.065,-1.8,0.0,-1.8,0.1
Wenyen Gabriel,PF,22,TOT,30,235,9.6,.546,.417,.458,9.5,13.9,11.7,4.4,2.2,2.6,21.7,13.4,0.0,0.2,0.2,.048,-3.7,-0.1,-3.8,-0.1
Wenyen Gabriel,PF,22,SAC,11,61,7.4,.444,.471,.588,7.2,11.3,9.2,6.6,2.4,3.1,18.9,18.8,-0.1,0.1,0.0,-0.029,-4.4,0.5,-4.0,0.0
Wenyen Gabriel,PF,22,POR,19,174,10.3,.606,.387,.387,10.3,14.9,12.6,3.6,2.2,2.5,23.3,11.5,0.1,0.1,0.3,.075,-3.5,-0.3,-3.8,-0.1
Daniel Gafford,C,21,CHI,43,609,16.2,.686,.000,.448,9.0,10.3,9.6,5.2,1.0,8.7,15.3,13.3,1.1,0.8,1.9,.146,-2.8,1.5,-1.3,0.1
Danilo Gallinari,PF,31,OKC,62,1834,19.5,.612,.537,.365,2.1,16.8,9.7,10.3,1.1,0.2,7.4,24.6,4.5,1.9,6.3,.166,4.1,-0.9,3.3,2.4
Langston Galloway,SG,28,DET,66,1702,12.3,.584,.611,.157,2.2,7.8,5.0,8.8,1.4,0.5,6.5,15.9,2.4,0.7,3.1,.087,0.0,-0.9,-0.8,0.5
Darius Garland,PG,20,CLE,59,1824,8.5,.498,.423,.103,1.6,5.2,3.4,18.5,1.1,0.2,17.1,20.7,-1.3,0.0,-1.3,-0.034,-2.7,-2.8,-5.6,-1.7
Marc Gasol,C,35,TOR,44,1161,11.8,.551,.530,.176,2.9,21.7,12.5,17.3,1.4,3.2,16.4,13.2,0.8,2.2,3.0,.124,-1.2,2.8,1.6,1.1
Rudy Gay,PF,33,SAS,67,1461,15.4,.553,.369,.228,4.5,22.2,13.4,11.3,1.1,2.0,11.8,22.0,0.9,1.1,2.1,.068,0.0,-0.9,-0.8,0.4
Paul George,SF,29,LAC,48,1419,21.1,.589,.487,.277,1.8,17.7,10.0,21.1,2.3,1.2,12.5,29.6,2.5,2.3,4.8,.161,3.8,1.1,4.9,2.5
Taj Gibson,C,34,NYK,62,1025,16.1,.610,.049,.196,11.2,16.7,13.9,7.6,1.3,2.8,13.1,14.8,1.8,0.8,2.6,.120,-0.8,-0.3,-1.1,0.2
Harry Giles,PF,21,SAC,46,667,16.4,.580,.008,.195,7.1,25.1,15.9,14.2,1.6,2.6,13.9,20.6,0.8,0.8,1.6,.112,-2.2,0.9,-1.3,0.1
Shai Gilgeous-Alexander,SG,21,OKC,70,2428,17.7,.568,.247,.352,2.2,16.1,9.4,15.2,1.6,1.7,10.3,23.7,3.1,3.0,6.1,.121,1.3,0.4,1.7,2.2
Rudy Gobert,C,27,UTA,68,2333,21.7,.699,.000,.724,11.2,31.3,21.6,6.5,1.1,4.8,15.0,16.2,6.5,4.2,10.7,.221,1.7,1.9,3.6,3.3
Brandon Goodwin,PG,24,ATL,34,430,11.6,.507,.458,.158,2.7,15.5,9.0,18.0,1.3,0.8,12.5,22.4,-0.1,0.2,0.1,.013,-1.6,-1.3,-2.9,-0.1
Aaron Gordon,PF,24,ORL,62,2017,15.1,.516,.309,.292,5.5,20.3,12.7,17.4,1.2,1.7,10.4,20.7,1.4,2.3,3.7,.087,-0.1,0.1,0.0,1.0
Eric Gordon,SF,31,HOU,36,1016,10.3,.510,.654,.231,0.9,6.5,3.7,7.9,1.0,1.1,7.8,22.5,-0.1,0.6,0.5,.024,-1.8,-2.1,-3.9,-0.5
Devonte' Graham,PG,24,CHO,63,2211,15.8,.537,.607,.242,2.0,8.7,5.2,35.3,1.4,0.6,14.5,24.8,2.4,0.9,3.4,.073,2.5,-2.1,0.5,1.4
Treveon Graham,SG,26,TOT,55,929,6.6,.456,.496,.231,5.7,11.7,8.6,6.6,1.2,0.5,9.8,13.1,-0.2,0.4,0.2,.009,-4.5,-1.0,-5.6,-0.8
Treveon Graham,SG,26,MIN,33,663,6.0,.447,.474,.211,4.5,11.7,8.0,6.1,1.2,0.3,9.0,13.1,-0.3,0.3,0.1,.004,-5.0,-0.8,-5.8,-0.6
Treveon Graham,SG,26,ATL,22,266,8.0,.478,.552,.284,8.8,11.5,10.1,7.6,1.2,1.3,11.7,13.3,0.0,0.1,0.1,.022,-3.3,-1.7,-4.9,-0.2
Jerami Grant,PF,25,DEN,71,1892,14.4,.591,.397,.309,3.4,11.2,7.3,6.6,1.3,2.8,8.0,18.0,2.8,1.6,4.4,.111,0.1,-0.6,-0.5,0.7
Jerian Grant,PG,27,WAS,6,80,6.6,.449,.296,.259,2.6,5.7,4.1,15.3,0.6,1.1,9.1,17.2,0.0,0.0,0.0,-0.018,-4.8,-2.0,-6.8,-0.1
Josh Gray,PG,26,NOP,2,23,-5.0,.500,.000,.000,4.6,4.6,4.6,10.4,0.0,0.0,71.4,12.5,-0.1,0.0,-0.1,-0.226,-11.3,-4.7,-16.0,-0.1
Danny Green,SG,32,LAL,68,1687,10.8,.552,.690,.101,3.3,11.2,7.3,7.1,2.4,1.7,11.3,13.9,0.8,2.5,3.4,.096,-1.1,1.5,0.5,1.1
Draymond Green,PF,29,GSW,43,1222,12.5,.489,.408,.263,2.0,22.3,11.8,31.2,2.3,2.4,21.8,15.7,-0.2,1.3,1.1,.044,-2.1,1.9,-0.2,0.6
JaMychal Green,PF,29,LAC,63,1307,11.1,.576,.676,.136,6.3,24.1,15.4,5.0,1.0,1.6,12.6,13.7,1.1,2.0,3.1,.115,-1.2,0.7,-0.5,0.5
Javonte Green,SF,26,BOS,48,468,13.1,.564,.262,.333,5.6,15.6,10.6,7.7,2.5,1.6,13.7,15.3,0.4,0.8,1.1,.113,-2.1,1.4,-0.7,0.2
Jeff Green,PF-C,33,TOT,48,960,13.7,.590,.532,.265,2.7,12.0,7.5,7.9,1.3,1.7,9.9,19.0,1.2,0.9,2.1,.104,0.0,-0.1,-0.1,0.5
Jeff Green,PF,33,UTA,30,553,10.0,.523,.533,.323,2.9,12.9,8.1,5.2,1.1,1.5,10.8,19.7,0.0,0.5,0.5,.046,-1.9,-0.2,-2.1,0.0
Jeff Green,C,33,HOU,18,407,18.6,.682,.530,.188,2.6,10.9,6.7,11.5,1.6,1.9,8.5,17.9,1.2,0.4,1.5,.183,2.5,0.1,2.6,0.5
Blake Griffin,PF,30,DET,18,512,11.9,.476,.444,.392,3.7,15.0,9.3,18.0,0.7,1.1,12.0,28.4,-0.4,0.3,-0.1,-0.012,-1.7,-2.6,-4.3,-0.3
Marko Guduric,SG,24,MEM,44,484,8.8,.514,.529,.166,3.1,12.6,7.9,12.3,1.2,1.4,17.6,17.6,-0.3,0.4,0.1,.014,-2.7,-0.7,-3.4,-0.2
Kyle Guy,SG,22,SAC,3,10,6.6,.400,.600,.000,0.0,11.5,5.6,15.6,0.0,0.0,0.0,21.7,0.0,0.0,0.0,-0.045,-7.5,-4.8,-12.3,0.0
Rui Hachimura,PF,21,WAS,48,1444,13.5,.535,.160,.257,5.7,17.0,11.1,8.8,1.2,0.5,8.0,19.0,1.3,0.5,1.8,.060,-1.2,-2.0,-3.2,-0.4
Devon Hall,SG,24,OKC,11,81,3.1,.298,.567,.267,2.8,6.6,4.8,21.3,2.4,1.1,13.0,20.9,-0.3,0.1,-0.2,-0.116,-5.8,-0.6,-6.4,-0.1
Donta Hall,PF,22,TOT,9,133,13.6,.652,.000,.818,11.4,19.2,15.4,4.2,1.1,3.8,14.3,11.1,0.2,0.2,0.4,.137,-3.4,-0.3,-3.7,-0.1
Donta Hall,PF,22,DET,4,48,7.3,.452,.000,1.500,14.0,21.6,17.7,5.3,1.0,1.7,23.1,7.9,0.0,0.0,0.1,.067,-5.7,-1.3,-7.0,-0.1
Donta Hall,PF,22,BRK,5,85,17.2,.709,.000,.667,9.9,17.9,14.0,3.5,1.1,4.9,11.4,12.9,0.2,0.1,0.3,.177,-2.1,0.3,-1.8,0.0
Dusty Hannahs,SG,26,MEM,2,13,21.3,.607,.333,.222,0.0,8.0,4.1,0.0,0.0,0.0,0.0,31.6,0.0,0.0,0.0,.146,5.1,-2.1,3.1,0.0
Tim Hardaway Jr.,SG,27,DAL,71,2091,14.5,.581,.580,.206,1.3,10.2,5.8,9.7,0.9,0.2,6.7,21.1,3.4,1.1,4.4,.102,1.2,-1.4,-0.1,1.0
James Harden,SG,30,HOU,68,2483,29.1,.626,.557,.528,2.9,16.0,9.4,35.9,2.3,2.1,14.2,36.3,9.9,3.2,13.1,.254,8.1,1.6,9.6,7.3
Maurice Harkless,SF,26,TOT,62,1427,9.8,.572,.346,.233,4.1,13.3,8.8,6.4,1.9,2.1,14.5,10.7,0.8,1.9,2.7,.090,-2.6,1.9,-0.7,0.5
Maurice Harkless,SF,26,LAC,50,1141,9.7,.584,.336,.194,4.4,13.6,9.1,5.5,2.0,2.3,16.3,10.3,0.5,1.7,2.3,.095,-2.5,2.4,0.0,0.6
Maurice Harkless,SF,26,NYK,12,286,10.1,.536,.379,.364,2.9,12.3,7.5,9.7,1.5,1.0,8.4,12.4,0.2,0.2,0.4,.069,-3.2,-0.3,-3.5,-0.1
Jared Harper,PG,22,PHO,3,8,-5.3,.250,.500,.000,0.0,0.0,0.0,0.0,0.0,0.0,0.0,21.3,0.0,0.0,0.0,-0.249,-10.1,-5.6,-15.7,0.0
Montrezl Harrell,C,26,LAC,63,1749,23.2,.607,.022,.432,9.9,16.3,13.2,10.3,1.1,3.6,10.1,25.7,4.4,2.5,7.0,.191,2.5,0.5,2.9,2.2
Gary Harris,SG,25,DEN,56,1780,9.7,.519,.405,.177,1.6,8.6,5.1,8.9,2.1,0.7,9.7,15.1,0.5,1.4,1.9,.052,-2.8,0.3,-2.5,-0.2
Joe Harris,SF,28,BRK,69,2123,13.3,.606,.518,.114,3.2,11.2,7.3,10.4,0.9,0.7,11.2,18.3,2.5,1.8,4.3,.097,0.4,-0.6,-0.2,1.0
Tobias Harris,PF,27,PHI,72,2469,17.2,.556,.304,.184,3.1,19.1,11.1,14.6,1.0,1.4,7.6,23.9,3.5,2.7,6.2,.121,1.3,-0.5,0.8,1.8
Shaquille Harrison,SF,26,CHI,43,484,17.8,.559,.255,.303,4.8,15.3,9.8,15.3,3.4,3.7,9.2,18.1,0.7,0.8,1.5,.153,0.4,2.4,2.8,0.6
Josh Hart,SF,24,NOP,65,1755,11.9,.563,.665,.216,3.7,22.1,12.8,8.2,1.7,1.1,11.4,15.3,1.3,1.8,3.1,.085,-1.1,0.4,-0.7,0.6
Isaiah Hartenstein,C,21,HOU,23,266,18.6,.674,.075,.418,11.3,24.3,17.7,10.0,1.6,3.9,16.8,14.8,0.7,0.4,1.1,.190,-1.0,1.3,0.3,0.2
Udonis Haslem,PF,39,MIA,4,44,6.5,.470,.273,.364,2.6,36.7,20.3,3.2,0.0,0.0,7.3,13.8,0.0,0.1,0.0,.041,-6.1,-1.4,-7.6,-0.1
Jaxson Hayes,C,19,NOP,64,1080,17.6,.689,.015,.734,9.5,16.0,12.7,7.2,1.1,4.3,13.4,15.0,2.8,1.1,3.9,.171,-0.9,0.6,-0.3,0.5
Gordon Hayward,SF,29,BOS,52,1740,18.1,.595,.317,.207,3.4,17.8,10.7,18.7,1.1,1.2,11.2,21.1,3.5,2.2,5.7,.158,2.6,0.1,2.7,2.0
John Henson,PF,29,TOT,40,600,17.0,.578,.211,.269,8.5,21.8,15.1,13.4,2.0,6.0,15.8,16.3,0.6,0.8,1.4,.109,-1.2,2.1,0.9,0.4
John Henson,PF,29,CLE,29,412,16.9,.539,.258,.275,8.5,22.3,15.4,15.2,1.9,6.7,13.5,16.1,0.4,0.5,0.9,.109,-1.1,2.3,1.1,0.3
John Henson,PF,29,DET,11,188,17.1,.670,.098,.255,8.3,20.8,14.5,9.3,2.1,4.5,20.9,16.7,0.2,0.2,0.4,.110,-1.2,1.8,0.6,0.1
Dewan Hernandez,C,23,TOR,6,28,12.9,.432,.143,.357,19.3,33.2,26.4,16.4,1.7,0.0,15.6,29.3,0.0,0.1,0.0,.043,-6.6,-3.0,-9.6,-0.1
Juan HernangÃ³mez,PF,24,TOT,48,833,10.4,.518,.522,.287,5.6,20.5,12.8,6.6,1.1,1.0,10.3,15.7,0.2,0.7,0.9,.052,-2.2,-1.1,-3.4,-0.3
Juan HernangÃ³mez,PF,24,DEN,34,422,6.9,.442,.545,.227,6.4,18.8,12.6,6.7,0.6,1.1,12.9,14.3,-0.2,0.3,0.1,.007,-4.0,-1.2,-5.2,-0.3
Juan HernangÃ³mez,PF,24,MIN,14,411,14.1,.576,.504,.336,4.7,22.1,13.1,6.4,1.6,0.8,8.2,17.1,0.5,0.4,0.8,.098,-0.4,-1.0,-1.5,0.1
Willy HernangÃ³mez,C,25,CHO,31,375,19.2,.576,.158,.424,12.1,27.5,19.5,13.5,1.3,1.7,15.4,22.9,0.4,0.4,0.8,.107,0.6,-0.5,0.1,0.2
Tyler Herro,SG,20,MIA,55,1508,12.5,.550,.472,.158,1.2,14.9,8.3,12.7,1.1,0.6,11.4,22.3,0.2,1.3,1.6,.050,-0.4,-1.2,-1.6,0.1
Kevin Hervey,PF,23,OKC,10,52,5.0,.315,.741,.000,2.2,22.7,12.7,13.9,0.9,1.7,0.0,22.8,-0.2,0.1,-0.1,-0.085,-4.0,-1.1,-5.1,0.0
Mario Hezonja,PF,24,POR,53,871,9.5,.525,.358,.271,3.6,18.3,11.0,7.5,2.0,0.9,14.7,13.9,0.1,0.6,0.8,.043,-3.1,0.2,-2.9,-0.2
Buddy Hield,SG,27,SAC,72,2216,16.0,.566,.592,.117,2.8,14.1,8.3,15.5,1.4,0.7,12.1,27.2,1.4,1.5,3.0,.064,2.5,-1.4,1.1,1.7
George Hill,PG,33,MIL,59,1271,16.9,.659,.468,.269,4.1,9.3,6.9,19.0,1.7,0.3,11.9,15.5,3.5,2.1,5.5,.210,1.6,1.3,2.9,1.6
Solomon Hill,SF,28,TOT,59,1088,9.8,.535,.615,.194,2.9,13.0,8.1,12.4,1.9,1.0,14.5,13.6,0.4,1.1,1.4,.064,-2.0,0.3,-1.7,0.1
Solomon Hill,SF,28,MEM,48,901,10.2,.549,.631,.163,2.9,13.8,8.4,13.4,1.6,0.7,13.8,13.4,0.5,0.8,1.4,.072,-1.7,0.2,-1.4,0.1
Solomon Hill,SF,28,MIA,11,187,8.1,.471,.533,.356,3.1,9.2,6.3,7.3,3.1,2.7,17.4,14.8,-0.2,0.3,0.1,.023,-3.8,0.9,-2.9,0.0
Jaylen Hoard,SF,20,POR,13,103,14.9,.504,.094,.406,14.4,18.1,16.2,5.3,2.3,0.0,9.6,17.2,0.1,0.1,0.2,.093,-0.8,-1.1,-1.9,0.0
Aaron Holiday,PG,23,IND,66,1617,11.6,.521,.393,.155,1.5,9.0,5.3,19.1,1.7,0.9,12.8,18.7,0.4,1.7,2.1,.063,-1.6,0.0,-1.6,0.2
Jrue Holiday,SG,29,NOP,61,2117,17.0,.537,.344,.181,3.8,10.9,7.3,29.1,2.2,1.9,14.5,24.5,2.0,1.9,3.9,.088,1.6,0.2,1.8,2.0
Justin Holiday,SG,30,IND,73,1826,12.1,.585,.681,.138,1.9,12.2,7.1,6.7,2.3,2.2,7.9,13.4,1.6,2.6,4.2,.112,-0.5,1.8,1.3,1.5
Rondae Hollis-Jefferson,SF,25,TOR,60,1122,15.1,.533,.070,.435,10.6,15.9,13.3,13.6,2.0,2.0,13.1,17.2,1.4,2.0,3.4,.146,-1.2,1.5,0.3,0.6
Richaun Holmes,C,26,SAC,44,1242,19.7,.681,.000,.343,11.2,21.5,16.2,5.1,1.6,4.3,11.6,15.6,3.4,1.5,4.9,.190,0.3,0.6,1.0,0.9
Rodney Hood,SF,27,POR,21,619,12.2,.625,.413,.157,1.7,10.4,6.1,7.0,1.3,0.6,9.4,13.9,0.9,0.2,1.1,.084,-0.4,-0.5,-0.9,0.2
Al Horford,C,33,PHI,67,2025,15.7,.536,.399,.113,5.6,19.3,12.4,19.2,1.2,2.6,9.7,17.5,2.8,2.6,5.4,.128,1.3,1.0,2.2,2.2
Talen Horton-Tucker,SG,19,LAL,6,81,12.3,.535,.433,.133,2.7,6.7,4.7,10.5,4.7,1.1,15.9,19.7,0.0,0.2,0.1,.070,-4.0,2.0,-2.1,0.0
Danuel House,SF,26,HOU,63,1913,11.3,.572,.659,.167,3.1,11.6,7.3,6.1,1.6,1.5,8.5,13.7,1.9,1.8,3.6,.091,-0.8,0.0,-0.7,0.6
Dwight Howard,C,34,LAL,69,1306,18.7,.696,.018,.773,14.6,27.8,21.2,4.8,1.1,5.4,18.5,14.7,2.8,2.6,5.4,.197,-1.0,1.2,0.2,0.7
William Howard,PF,26,HOU,2,13,-12.7,.000,1.000,.000,0.0,16.3,8.1,9.1,0.0,0.0,20.0,15.9,-0.1,0.0,-0.1,-0.357,-14.2,-5.4,-19.6,-0.1
Kevin Huerter,SG,21,ATL,56,1760,11.5,.536,.548,.105,2.1,12.0,7.0,17.5,1.4,1.3,12.0,17.1,1.0,0.6,1.6,.043,-0.7,-0.9,-1.6,0.2
De'Andre Hunter,SF,22,ATL,63,2018,8.6,.521,.445,.211,2.3,13.1,7.6,8.0,1.0,0.7,12.1,17.5,-0.4,0.5,0.1,.002,-2.9,-1.8,-4.7,-1.4
Chandler Hutchison,SF,23,CHI,28,527,12.4,.521,.217,.446,3.6,19.8,11.3,7.4,2.5,1.3,11.4,19.1,0.0,0.7,0.7,.060,-2.7,0.1,-2.6,-0.1
Serge Ibaka,C,30,TOR,55,1485,17.3,.583,.272,.185,8.3,23.5,16.1,8.6,0.9,3.0,13.1,24.0,1.2,2.7,3.9,.126,0.1,0.0,0.1,0.8
Andre Iguodala,SG,36,MIA,21,418,10.5,.507,.534,.170,4.7,15.7,10.4,16.9,1.6,5.0,21.6,12.7,0.0,0.6,0.6,.065,-1.9,1.4,-0.5,0.2
Ersan Ä°lyasova,PF,32,MIL,63,986,14.9,.589,.438,.278,6.6,22.7,15.1,6.6,1.1,1.5,8.8,16.1,1.6,2.0,3.6,.174,-0.3,0.8,0.4,0.6
Joe Ingles,SF,32,UTA,72,2137,12.6,.595,.638,.170,1.4,12.5,7.2,24.4,1.5,0.4,19.3,15.1,2.7,2.1,4.8,.108,0.0,0.7,0.7,1.5
Brandon Ingram,PF,22,NOP,62,2104,18.8,.587,.350,.336,2.6,16.6,9.6,19.3,1.3,1.5,13.1,28.1,3.3,1.8,5.1,.115,2.5,-0.4,2.1,2.2
Kyrie Irving,PG,27,BRK,20,658,26.2,.595,.341,.245,3.5,12.5,8.1,36.7,1.9,1.3,10.1,32.6,2.1,0.8,2.9,.210,6.7,0.9,7.7,1.6
Jonathan Isaac,SF,22,ORL,34,980,17.3,.552,.283,.232,6.2,19.6,12.7,7.4,2.6,7.2,11.8,18.3,0.6,1.9,2.5,.120,-0.5,2.9,2.3,1.1
Wesley Iwundu,SF,25,ORL,52,953,10.3,.544,.352,.416,2.6,12.5,7.4,8.8,1.3,1.2,8.6,13.7,0.8,0.8,1.7,.084,-2.7,0.0,-2.6,-0.2
Frank Jackson,PG,21,NOP,59,797,9.1,.510,.435,.227,2.9,8.1,5.5,10.8,1.0,0.4,11.9,21.2,-0.2,0.3,0.2,.010,-3.3,-2.2,-5.5,-0.7
Jaren Jackson Jr.,C,20,MEM,57,1622,16.3,.593,.489,.247,3.6,13.2,8.5,7.2,1.2,5.0,10.6,24.0,1.6,1.8,3.5,.103,0.3,0.1,0.4,1.0
Josh Jackson,SG,22,MEM,22,381,14.1,.547,.453,.314,3.1,14.9,9.1,13.1,2.2,2.1,13.4,22.8,0.1,0.5,0.5,.069,-1.1,1.1,0.0,0.2
Justin Jackson,PF,24,DAL,65,1045,9.5,.496,.478,.147,2.7,12.6,7.7,6.8,0.7,0.8,3.7,15.4,0.6,0.6,1.2,.054,-2.1,-1.3,-3.4,-0.4
Reggie Jackson,PG,29,TOT,31,743,13.7,.529,.445,.166,2.5,10.8,6.7,26.2,0.8,0.6,12.7,23.1,0.6,0.5,1.1,.073,0.8,-1.2,-0.4,0.3
Reggie Jackson,PG,29,DET,14,381,14.7,.492,.414,.167,3.2,9.1,6.1,30.8,1.0,0.2,9.8,27.0,0.2,0.1,0.4,.047,1.7,-2.2,-0.5,0.1
Reggie Jackson,PG,29,LAC,17,362,12.6,.587,.492,.164,1.8,12.6,7.3,21.3,0.7,1.0,16.9,19.1,0.4,0.4,0.8,.100,-0.1,-0.2,-0.3,0.2
Justin James,SG,23,SAC,36,232,11.0,.477,.345,.250,2.8,12.9,7.8,11.2,1.3,3.7,7.9,18.9,-0.1,0.2,0.1,.028,-1.4,-0.1,-1.4,0.0
LeBron James,PG,35,LAL,67,2316,25.5,.577,.326,.292,3.2,21.5,12.4,49.1,1.6,1.4,15.1,31.5,6.2,3.6,9.8,.204,6.6,1.8,8.4,6.1
Amile Jefferson,PF,26,ORL,18,74,8.9,.372,.000,1.000,14.1,19.5,16.7,7.2,0.7,3.7,13.0,13.5,0.0,0.1,0.0,.023,-4.8,-1.0,-5.8,-0.1
DaQuan Jeffries,SG,22,SAC,13,141,11.2,.586,.450,.150,2.3,12.3,7.2,7.1,1.4,0.7,4.5,13.7,0.2,0.1,0.3,.100,-2.7,-1.1,-3.8,-0.1
Ty Jerome,PG,22,PHO,31,328,7.9,.425,.442,.142,2.3,13.4,7.8,18.2,2.2,0.8,13.0,17.9,-0.3,0.3,0.0,-0.003,-4.0,0.1,-3.8,-0.2
Alize Johnson,SF,23,IND,17,118,13.3,.509,.276,.345,15.0,29.4,22.3,7.7,1.2,1.5,17.3,15.0,0.1,0.2,0.3,.111,-1.8,0.3,-1.5,0.0
B.J. Johnson,SF,24,ORL,10,83,5.4,.412,.281,.313,3.8,16.1,9.7,5.1,1.8,0.0,14.2,22.1,-0.2,0.1,-0.1,-0.074,-5.8,-3.2,-9.0,-0.1
Cameron Johnson,PF,23,PHO,57,1255,12.9,.586,.672,.141,4.3,12.4,8.3,7.7,1.4,1.4,6.9,15.7,1.7,1.0,2.7,.102,0.8,-0.4,0.3,0.7
James Johnson,PF,32,TOT,32,619,14.8,.572,.423,.223,4.3,16.3,10.3,18.4,1.9,4.6,16.9,19.4,0.3,0.8,1.1,.089,-1.1,1.1,0.0,0.3
James Johnson,PF,32,MIA,18,281,11.1,.547,.517,.161,3.3,16.9,10.4,11.1,1.0,4.6,13.9,17.0,0.0,0.4,0.4,.065,-2.6,0.8,-1.8,0.0
James Johnson,PF,32,MIN,14,338,17.9,.588,.359,.266,5.1,15.9,10.3,24.4,2.6,4.7,18.8,21.4,0.3,0.4,0.8,.109,0.1,1.5,1.6,0.3
Keldon Johnson,SF,20,SAS,17,301,19.1,.711,.247,.494,3.6,16.8,10.2,7.2,2.2,0.6,10.7,17.4,0.8,0.2,1.1,.174,1.5,0.0,1.5,0.3
Stanley Johnson,PF,23,TOR,25,150,9.9,.454,.407,.271,5.0,20.6,13.0,19.4,1.9,2.6,18.5,23.1,-0.3,0.3,0.0,.014,-3.9,1.4,-2.6,0.0
Tyler Johnson,SG,27,TOT,39,709,10.1,.504,.476,.200,2.7,8.9,5.8,14.8,1.1,1.1,9.6,18.0,0.3,0.5,0.7,.050,-2.0,-0.9,-2.9,-0.2
Tyler Johnson,SG,27,PHO,31,515,8.1,.481,.485,.187,2.1,9.2,5.6,13.3,1.1,1.4,11.5,17.3,-0.2,0.3,0.2,.014,-3.0,-0.6,-3.6,-0.2
Tyler Johnson,SG,27,BRK,8,194,15.6,.552,.456,.228,4.4,8.4,6.4,18.6,1.0,0.4,5.4,19.8,0.4,0.1,0.6,.144,0.6,-1.7,-1.1,0.0
Nikola JokiÄ‡,C,24,DEN,73,2336,24.9,.605,.238,.281,8.0,26.1,17.1,35.2,1.8,1.7,15.8,26.6,6.7,3.1,9.8,.202,5.5,2.0,7.4,5.5
Damian Jones,C,24,ATL,55,887,15.6,.712,.051,.472,8.9,16.2,12.5,5.6,1.4,3.8,11.5,11.4,2.2,0.6,2.8,.152,-1.6,0.1,-1.5,0.1
Derrick Jones Jr.,SF,22,MIA,59,1375,14.9,.620,.378,.352,5.6,13.1,9.5,6.7,2.1,2.7,6.9,13.9,2.6,1.8,4.4,.153,-0.3,1.1,0.7,1.0
Tyus Jones,PG,23,MEM,65,1232,15.7,.532,.289,.135,0.8,7.9,4.4,32.0,2.2,0.4,10.8,17.2,1.9,1.1,3.0,.117,0.4,0.2,0.6,0.8
DeAndre Jordan,C,31,BRK,56,1234,19.9,.682,.000,.425,12.1,34.5,23.5,12.6,0.7,3.5,17.8,14.1,3.0,2.2,5.2,.200,1.2,1.8,3.0,1.5
Cory Joseph,PG,28,SAC,72,1759,10.1,.517,.386,.170,2.7,9.4,6.0,19.1,1.5,1.1,15.3,12.9,1.2,1.1,2.3,.062,-2.1,0.1,-2.0,0.0
Mfiondu Kabengele,C,22,LAC,12,64,18.2,.614,.625,.156,1.7,15.8,8.9,4.9,1.5,2.8,5.5,23.7,0.1,0.1,0.2,.173,2.3,-0.1,2.2,0.1
Frank Kaminsky,C,26,PHO,39,777,14.2,.545,.404,.293,4.9,20.4,12.6,14.3,0.9,1.1,9.6,21.0,0.7,0.7,1.4,.087,-0.1,-0.4,-0.5,0.3
Enes Kanter,C,27,BOS,58,983,22.4,.599,.020,.284,18.0,28.9,23.5,8.8,1.1,3.9,12.5,19.4,2.6,1.8,4.4,.214,1.8,-0.3,1.5,0.9
Luke Kennard,SG,23,DET,28,922,14.4,.589,.535,.219,1.1,11.1,6.0,19.2,0.6,0.5,10.3,19.8,1.6,0.3,1.9,.100,1.1,-1.4,-0.3,0.4
Stanton Kidd,SF,27,UTA,4,15,-13.7,.000,.333,.000,0.0,21.3,11.0,8.0,0.0,0.0,40.0,14.6,-0.1,0.0,-0.1,-0.327,-15.7,-1.3,-17.0,-0.1
Michael Kidd-Gilchrist,SF-PF,26,TOT,25,281,4.2,.416,.303,.212,5.3,20.4,12.8,7.1,0.3,1.9,18.1,13.7,-0.4,0.2,-0.2,-0.030,-6.3,-1.1,-7.4,-0.4
Michael Kidd-Gilchrist,PF,26,CHO,12,160,6.1,.421,.321,.170,5.9,18.4,11.9,9.5,0.0,1.7,10.9,17.6,-0.2,0.1,-0.1,-0.028,-5.3,-1.6,-6.9,-0.2
Michael Kidd-Gilchrist,SF,26,DAL,13,121,1.7,.395,.231,.385,4.4,23.1,13.9,4.0,0.8,2.1,37.2,8.5,-0.2,0.1,-0.1,-0.032,-7.6,-0.4,-8.0,-0.2
Louis King,SF,20,DET,10,62,6.2,.448,.524,.143,1.8,16.7,9.2,11.8,1.6,0.0,8.2,17.1,-0.1,0.0,0.0,-0.007,-5.1,-1.1,-6.2,-0.1
Maxi Kleber,C,28,DAL,74,1890,13.6,.605,.621,.181,6.3,15.1,10.8,6.3,0.6,3.8,9.5,13.9,3.2,1.7,4.8,.123,0.4,0.0,0.4,1.1
Brandon Knight,PG,28,TOT,25,462,8.5,.503,.784,.204,1.0,9.1,5.0,21.6,1.1,0.6,17.3,20.6,-0.2,0.1,-0.1,-0.010,-1.8,-2.6,-4.4,-0.3
Brandon Knight,PG,28,CLE,16,241,5.4,.431,.744,.151,1.4,7.9,4.6,18.0,1.0,0.7,14.9,19.1,-0.3,0.0,-0.3,-0.062,-3.9,-2.7,-6.7,-0.3
Brandon Knight,PG,28,DET,9,221,11.9,.576,.827,.259,0.5,10.4,5.4,25.6,1.1,0.4,19.6,22.2,0.1,0.1,0.2,.046,0.5,-2.5,-2.0,0.0
Kevin Knox,SF,20,NYK,65,1166,8.3,.470,.496,.252,2.5,14.7,8.4,7.4,1.0,2.3,9.2,17.8,-0.5,0.7,0.2,.007,-3.1,-1.1,-4.2,-0.7
John Konchar,SG,23,MEM,19,181,18.0,.713,.270,.054,10.7,16.6,13.7,16.2,1.8,1.5,15.6,10.3,0.5,0.2,0.7,.182,2.5,2.0,4.5,0.3
Furkan Korkmaz,SG,22,PHI,72,1559,12.0,.579,.632,.181,1.3,10.6,6.0,7.3,1.3,0.9,8.8,18.4,1.4,1.4,2.8,.085,-0.3,-1.0,-1.3,0.3
Luke Kornet,C,24,CHI,36,559,12.7,.539,.578,.150,4.1,12.9,8.3,8.5,0.9,4.4,6.6,16.3,0.5,0.6,1.1,.091,-0.9,-0.2,-1.2,0.1
Kyle Korver,SF,38,MIL,58,960,11.3,.620,.809,.140,1.6,10.4,6.3,9.2,1.2,1.1,13.4,15.4,0.9,1.5,2.5,.124,-0.6,0.7,0.1,0.5
Rodions Kurucs,PF,21,BRK,47,684,8.9,.555,.508,.215,3.9,16.6,10.4,10.4,1.7,0.6,19.2,14.7,-0.1,0.8,0.8,.055,-3.6,0.8,-2.8,-0.1
Kyle Kuzma,PF,24,LAL,61,1526,12.2,.531,.407,.232,3.8,15.7,9.8,7.6,0.9,1.5,11.0,22.9,0.1,1.9,2.0,.063,-1.6,-1.0,-2.6,-0.2
Skal LabissiÃ¨re,C,23,POR,33,567,15.4,.588,.088,.224,12.1,19.0,15.6,10.1,0.6,4.7,15.7,14.3,1.0,0.4,1.4,.119,-1.5,0.2,-1.3,0.1
Jeremy Lamb,SG,27,IND,46,1291,14.0,.547,.330,.230,2.1,14.8,8.5,10.5,2.1,1.5,8.7,19.6,0.9,1.8,2.7,.099,-1.1,0.8,-0.4,0.5
Romeo Langford,SG,20,BOS,32,370,5.4,.434,.338,.313,4.4,7.4,5.9,4.5,1.0,2.0,10.8,11.8,-0.2,0.4,0.2,.025,-4.7,-0.3,-4.9,-0.3
Zach LaVine,SG,24,CHI,60,2085,19.4,.568,.404,.279,2.1,13.8,7.7,21.7,2.0,1.3,13.3,31.7,1.8,2.2,4.0,.091,3.2,-0.8,2.4,2.4
Vic Law,SF,24,ORL,8,62,3.7,.363,.389,.333,3.4,16.2,9.6,6.7,1.6,0.0,8.8,15.8,-0.1,0.1,-0.1,-0.052,-7.1,-2.5,-9.6,-0.1
Jake Layman,PF,25,MIN,23,505,10.3,.544,.402,.179,3.4,8.7,6.0,4.4,1.6,1.6,11.1,17.7,0.0,0.3,0.3,.030,-2.7,-1.0,-3.7,-0.2
T.J. Leaf,PF,22,IND,28,222,12.9,.451,.209,.186,11.5,23.5,17.5,5.7,2.2,1.6,7.9,20.0,-0.1,0.4,0.3,.061,-2.5,0.1,-2.4,0.0
Jalen Lecque,PG,19,PHO,5,32,2.7,.460,.400,.200,0.0,7.0,3.5,8.6,0.0,0.0,15.5,17.1,0.0,0.0,0.0,-0.065,-7.1,-2.9,-10.0,-0.1
Courtney Lee,SG,34,DAL,24,345,10.8,.629,.573,.085,2.2,7.5,4.9,4.7,2.5,1.5,11.4,11.9,0.3,0.3,0.7,.092,-2.1,1.5,-0.6,0.1
Damion Lee,SG,27,GSW,49,1423,12.7,.548,.468,.247,2.4,16.3,9.1,14.4,1.7,0.4,10.6,19.0,0.9,0.8,1.7,.058,-1.5,-0.8,-2.3,-0.1
Alex Len,C,26,TOT,55,970,17.7,.600,.185,.329,11.1,25.2,18.0,7.9,1.1,4.3,13.1,18.1,1.5,1.0,2.5,.122,-0.5,-0.3,-0.7,0.3
Alex Len,C,26,ATL,40,745,17.5,.590,.215,.312,9.8,23.6,16.6,8.7,1.3,3.7,11.7,18.6,1.1,0.6,1.8,.113,-0.2,-0.2,-0.4,0.3
Alex Len,C,26,SAC,15,225,18.2,.640,.051,.407,15.1,30.8,22.8,5.2,0.6,6.4,18.7,16.5,0.4,0.3,0.7,.150,-1.3,-0.3,-1.6,0.0
Kawhi Leonard,SF,28,LAC,57,1848,26.9,.589,.287,.355,3.1,19.1,11.3,26.4,2.6,1.6,10.2,33.0,5.4,3.3,8.7,.226,6.5,2.4,8.9,5.1
Meyers Leonard,C,27,MIA,51,1034,10.6,.627,.547,.120,3.4,24.0,14.1,7.6,0.7,1.4,13.7,12.2,0.9,1.2,2.1,.096,-1.3,0.4,-0.9,0.3
Caris LeVert,SG,25,BRK,45,1330,16.1,.514,.301,.269,3.9,10.7,7.4,25.0,1.9,0.6,12.6,29.5,0.1,1.4,1.5,.055,0.6,-0.9,-0.3,0.5
Damian Lillard,PG,29,POR,66,2474,26.9,.627,.500,.384,1.4,10.5,6.0,34.4,1.3,0.8,11.0,30.3,10.9,0.7,11.6,.225,8.3,-0.9,7.5,5.9
Nassir Little,PF,19,POR,48,573,9.6,.505,.391,.291,5.7,13.9,9.9,5.0,1.1,2.1,8.1,13.7,0.3,0.3,0.6,.047,-2.9,-0.6,-3.5,-0.2
Kevon Looney,C,23,GSW,20,262,9.4,.403,.177,.152,11.2,16.3,13.6,11.1,2.2,2.1,12.5,15.7,-0.2,0.2,0.0,.006,-4.8,-0.8,-5.6,-0.2
Brook Lopez,C,31,MIL,68,1817,15.0,.551,.484,.227,3.4,13.0,8.5,7.4,1.2,7.9,8.7,18.3,1.4,4.1,5.5,.145,-0.4,2.5,2.0,1.9
Robin Lopez,C,31,MIL,66,958,10.2,.554,.351,.177,6.2,10.2,8.3,6.3,0.5,4.1,16.4,16.6,-0.1,1.6,1.5,.077,-3.0,0.4,-2.6,-0.2
Kevin Love,PF,31,CLE,56,1780,17.9,.599,.536,.301,3.3,31.1,17.1,15.4,0.9,0.9,14.5,23.1,2.5,1.3,3.8,.101,2.6,-0.5,2.0,1.8
Kyle Lowry,PG,33,TOR,58,2098,17.7,.590,.580,.427,1.6,12.8,7.3,30.6,1.9,1.2,15.7,23.1,4.2,3.3,7.5,.171,2.2,1.0,3.2,2.8
TimothÃ© Luwawu-Cabarrot,SG,24,BRK,47,853,11.0,.599,.595,.301,3.6,11.6,7.7,4.9,1.0,0.7,10.8,16.8,0.9,0.7,1.7,.095,-1.8,-0.5,-2.2,-0.1
Trey Lyles,PF,24,SAS,63,1271,12.6,.557,.490,.131,6.0,24.6,15.3,7.2,1.1,1.9,9.7,13.6,1.2,1.0,2.2,.083,-0.5,-0.7,-1.2,0.3
Daryl Macon,SG,24,MIA,4,14,-3.1,.500,.667,.000,0.0,0.0,0.0,9.7,0.0,0.0,40.0,15.7,0.0,0.0,0.0,-0.161,-7.0,-4.4,-11.4,0.0
J.P. Macura,SG,24,CLE,1,1,0.0,,,,0.0,0.0,0.0,0.0,0.0,0.0,,0.0,0.0,0.0,0.0,-0.022,-5.2,-1.2,-6.4,0.0
Josh Magette,PG,30,ORL,8,38,5.1,.378,.267,.133,2.7,14.6,8.5,19.2,3.8,2.4,23.9,23.7,-0.2,0.1,-0.1,-0.127,-7.9,1.6,-6.2,0.0
Ian Mahinmi,C,33,WAS,38,808,14.2,.545,.124,.538,10.1,19.7,14.7,8.3,1.8,4.8,14.8,15.7,0.7,0.7,1.4,.083,-2.8,0.0,-2.7,-0.2
Thon Maker,C,22,DET,60,776,13.7,.582,.332,.570,7.8,16.7,12.2,8.0,1.6,4.2,15.7,16.1,0.7,0.8,1.5,.096,-2.1,0.7,-1.4,0.1
Terance Mann,SG,23,LAC,41,362,10.6,.545,.253,.342,2.9,12.6,7.9,19.3,1.4,1.2,16.5,12.6,0.4,0.4,0.8,.106,-2.8,1.2,-1.6,0.0
Boban MarjanoviÄ‡,C,31,DAL,44,422,25.7,.612,.081,.270,16.6,32.1,24.5,8.3,0.9,2.0,11.3,26.9,1.2,0.6,1.8,.200,2.8,-1.6,1.2,0.3
Lauri Markkanen,PF,22,CHI,50,1492,14.3,.560,.536,.259,4.2,19.7,11.6,7.6,1.4,1.5,11.0,21.1,1.0,1.6,2.6,.084,0.2,-0.8,-0.6,0.5
Caleb Martin,SF,24,CHO,18,317,12.0,.595,.440,.250,3.3,10.0,6.5,11.1,1.9,2.0,13.9,15.0,0.3,0.2,0.5,.081,-1.6,0.6,-1.0,0.1
Cody Martin,SF,24,CHO,48,903,10.5,.505,.372,.314,4.4,15.1,9.6,15.7,2.2,0.9,15.7,13.6,0.2,0.8,1.0,.052,-3.1,1.0,-2.2,0.0
Jeremiah Martin,PG,23,BRK,9,99,21.8,.541,.340,.264,1.1,9.2,5.2,30.8,3.3,1.7,6.3,26.7,0.2,0.1,0.4,.176,1.5,1.7,3.2,0.1
Kelan Martin,SF,24,MIN,31,495,9.2,.506,.530,.171,2.5,18.6,10.2,6.8,0.7,1.5,9.3,17.8,-0.1,0.3,0.2,.023,-3.3,-1.0,-4.3,-0.3
Frank Mason III,PG,25,MIL,9,118,16.9,.530,.412,.333,4.5,11.1,8.0,35.0,1.9,0.7,15.8,24.3,0.1,0.2,0.4,.143,-0.6,0.6,0.0,0.1
Garrison Mathews,SG,23,WAS,18,227,13.1,.691,.821,.607,2.8,9.0,5.8,5.8,1.6,0.4,10.1,14.5,0.6,0.1,0.6,.131,-0.6,-0.5,-1.1,0.1
Wesley Matthews,SG,33,MIL,67,1635,8.1,.547,.704,.161,1.4,8.2,5.0,7.1,1.1,0.5,8.7,12.5,0.8,2.4,3.2,.093,-2.6,0.7,-1.8,0.1
Luc Mbah a Moute,PF,33,HOU,3,25,6.4,.425,.400,.400,4.2,4.2,4.2,0.0,3.7,0.0,14.5,11.4,0.0,0.0,0.0,-0.008,-5.2,-2.2,-7.4,0.0
Patrick McCaw,SF,24,TOR,37,908,7.3,.500,.438,.111,2.3,7.6,5.0,11.5,2.0,0.4,14.6,9.4,0.2,1.2,1.4,.075,-3.6,1.8,-1.8,0.0
CJ McCollum,SG,28,POR,70,2556,17.0,.541,.378,.136,1.9,10.2,6.1,19.1,1.0,1.4,8.1,25.9,3.5,0.6,4.1,.077,2.3,-1.8,0.5,1.6
T.J. McConnell,PG,27,IND,71,1326,16.5,.540,.041,.102,3.2,12.4,7.8,37.6,2.0,0.7,18.9,17.5,1.7,1.7,3.3,.121,0.1,0.4,0.5,0.8
Jalen McDaniels,PF,22,CHO,16,293,10.7,.574,.343,.243,5.4,19.4,12.1,6.8,1.4,0.9,12.4,13.3,0.2,0.2,0.5,.078,-3.4,0.1,-3.3,-0.1
Doug McDermott,PF,28,IND,69,1372,14.4,.620,.537,.106,2.1,11.7,7.0,8.4,0.4,0.3,6.8,19.6,2.3,1.1,3.3,.117,1.4,-1.3,0.0,0.7
JaVale McGee,C,32,LAL,68,1130,19.4,.652,.020,.268,12.2,25.4,18.9,4.6,1.5,7.5,13.9,14.8,2.2,2.4,4.7,.198,-0.6,2.1,1.5,1.0
Rodney McGruder,SG,28,LAC,56,871,6.7,.477,.492,.188,3.6,14.2,9.0,5.3,1.4,0.8,10.9,10.6,-0.1,1.1,1.0,.055,-3.7,0.8,-3.0,-0.2
Alfonzo McKinnie,SF,27,CLE,40,593,8.7,.493,.380,.181,6.9,14.4,10.6,3.3,1.9,1.2,12.3,15.2,-0.2,0.3,0.2,.014,-4.4,-0.9,-5.3,-0.5
Jordan McLaughlin,PG,23,MIN,30,590,16.3,.587,.427,.219,1.2,7.8,4.4,31.0,2.7,0.6,13.7,15.8,1.1,0.4,1.6,.130,0.3,0.0,0.3,0.3
Ben McLemore,SG,26,HOU,71,1619,11.8,.622,.829,.123,1.3,8.9,5.1,5.2,1.3,0.8,8.0,16.0,2.2,1.1,3.3,.099,0.0,-0.6,-0.5,0.6
Jordan McRae,SG,28,TOT,37,784,14.2,.515,.344,.298,2.4,15.4,8.7,17.9,1.3,1.8,9.4,24.4,0.4,0.4,0.7,.044,0.0,-1.5,-1.5,0.1
Jordan McRae,SG,28,WAS,29,654,15.2,.523,.334,.262,2.7,15.1,8.7,19.1,1.4,2.0,9.7,24.9,0.4,0.3,0.7,.051,0.8,-1.2,-0.4,0.3
Jordan McRae,SG,28,DEN,4,32,16.7,.580,.667,.667,3.5,14.0,8.8,15.6,3.1,2.9,0.0,10.5,0.1,0.0,0.1,.201,1.1,1.4,2.5,0.0
Jordan McRae,SG,28,DET,4,98,6.5,.446,.372,.512,0.0,17.6,8.7,10.7,0.0,0.0,8.7,25.7,-0.1,0.0,-0.1,-0.053,-5.6,-4.2,-9.8,-0.2
NicolÃ² Melli,C,29,NOP,60,1042,11.4,.556,.638,.226,3.9,14.5,9.2,10.5,1.5,1.8,11.5,15.7,0.9,0.9,1.8,.082,-1.5,0.2,-1.3,0.2
De'Anthony Melton,PG,21,MEM,60,1167,13.5,.501,.349,.302,4.0,15.7,9.9,20.1,3.1,1.5,15.6,19.2,0.1,1.7,1.7,.072,-2.2,2.0,-0.2,0.5
Chimezie Metu,PF,22,SAS,18,105,22.2,.608,.048,.310,12.3,21.6,16.9,14.9,1.4,5.0,17.3,23.7,0.2,0.1,0.3,.130,1.9,-0.1,1.8,0.1
Khris Middleton,SF,28,MIL,62,1853,21.1,.619,.374,.240,2.5,17.0,10.2,22.2,1.3,0.3,11.6,26.4,4.6,3.3,7.9,.205,3.4,0.7,4.1,2.9
Eric Mika,PF,25,SAC,1,19,13.9,.773,.000,.667,11.6,30.4,20.7,0.0,0.0,0.0,0.0,8.9,0.1,0.0,0.1,.218,-2.2,-1.0,-3.2,0.0
C.J. Miles,SG,32,WAS,10,161,11.1,.472,.593,.339,2.6,5.7,4.1,10.0,2.9,2.2,5.6,18.6,0.0,0.1,0.1,.035,-1.8,0.1,-1.8,0.0
Malcolm Miller,SF,26,TOR,28,162,6.7,.538,.759,.276,1.3,8.9,5.2,8.9,1.5,1.2,11.0,9.6,0.1,0.2,0.3,.082,-3.5,1.2,-2.3,0.0
Patty Mills,PG,31,SAS,66,1485,14.8,.592,.674,.187,1.6,6.2,3.9,11.4,1.7,0.4,7.7,20.4,2.3,0.5,2.8,.091,1.2,-1.2,0.0,0.8
Paul Millsap,PF,34,DEN,51,1240,16.9,.591,.283,.322,8.9,17.6,13.2,9.6,1.8,2.2,12.3,20.0,2.1,1.4,3.5,.136,0.3,-0.2,0.1,0.7
Shake Milton,SG,23,PHI,40,805,14.4,.617,.487,.235,2.1,10.0,6.0,18.8,1.2,0.7,13.3,18.9,1.4,0.7,2.1,.126,0.0,-1.0,-1.0,0.2
Donovan Mitchell,SG,23,UTA,69,2364,18.8,.558,.352,.240,2.6,11.3,7.1,21.6,1.4,0.5,11.0,30.8,3.2,2.2,5.4,.110,2.4,-0.6,1.9,2.3
Naz Mitrou-Long,SG,26,IND,5,47,7.8,.412,.706,.000,0.0,16.2,8.2,22.8,1.0,1.9,15.0,18.7,-0.1,0.1,0.0,-0.022,-3.5,2.1,-1.4,0.0
Adam Mokoka,SG,21,CHI,11,112,8.2,.538,.536,.143,6.6,3.1,4.9,5.0,1.7,0.0,6.3,12.1,0.1,0.1,0.2,.073,-3.1,-1.0,-4.1,-0.1
Malik Monk,SG,21,CHO,55,1169,12.6,.530,.418,.205,2.4,12.6,7.3,16.6,1.1,1.3,12.6,22.9,0.1,0.6,0.7,.028,-1.1,-1.3,-2.3,-0.1
Matt Mooney,SG,22,CLE,4,19,8.1,.250,.500,.000,0.0,17.7,8.8,6.7,5.1,4.5,0.0,9.0,0.0,0.0,0.0,.007,-5.4,5.0,-0.4,0.0
E'Twaun Moore,SG,30,NOP,56,1020,11.3,.510,.382,.103,3.2,10.4,6.8,11.0,1.5,0.9,8.1,19.9,0.3,0.7,0.9,.043,-1.9,-0.8,-2.7,-0.2
Ja Morant,PG,20,MEM,67,2074,17.4,.556,.191,.329,2.6,10.4,6.6,35.2,1.3,0.8,17.0,25.9,2.3,1.5,3.8,.088,1.5,-1.2,0.3,1.2
Juwan Morgan,PF,22,UTA,21,134,10.1,.648,.308,.154,8.5,15.1,11.9,6.2,0.4,1.2,17.8,11.0,0.2,0.1,0.3,.106,-2.9,-0.3,-3.2,0.0
Marcus Morris,SF-PF,30,TOT,62,1936,14.3,.570,.430,.272,3.2,14.0,8.5,6.8,1.2,1.4,9.7,21.9,2.1,1.5,3.6,.088,0.6,-0.7,-0.1,0.9
Marcus Morris,SF,30,NYK,43,1387,16.5,.582,.415,.311,3.6,14.7,9.0,6.8,1.2,1.2,9.2,24.4,2.1,0.8,2.9,.101,1.8,-1.1,0.7,0.9
Marcus Morris,PF,30,LAC,19,549,8.9,.523,.483,.126,2.1,12.3,7.4,6.8,1.1,2.1,11.6,15.8,0.0,0.7,0.6,.055,-2.5,0.3,-2.2,0.0
Markieff Morris,PF,30,TOT,58,1187,12.5,.565,.498,.186,3.8,17.1,10.3,10.1,1.3,1.2,13.3,20.9,0.5,1.0,1.4,.058,-1.1,-0.9,-2.0,0.0
Markieff Morris,PF,30,DET,44,988,12.7,.573,.486,.203,2.7,17.3,9.9,11.0,1.3,0.9,14.2,21.8,0.3,0.7,1.0,.049,-1.1,-1.0,-2.1,0.0
Markieff Morris,PF,30,LAL,14,199,11.5,.516,.565,.087,8.9,15.8,12.4,5.4,1.2,2.7,7.7,16.5,0.2,0.3,0.4,.106,-1.3,-0.1,-1.4,0.0
Monte Morris,PG,24,DEN,73,1636,14.9,.545,.304,.157,1.6,7.7,4.7,22.1,1.7,1.0,8.1,17.5,2.7,1.1,3.8,.112,0.4,-0.5,-0.2,0.8
Johnathan Motley,PF,24,LAC,13,41,28.5,.774,.067,.467,7.8,17.3,12.7,32.9,3.5,0.0,21.7,23.5,0.2,0.1,0.3,.299,4.8,3.3,8.1,0.1
Emmanuel Mudiay,PG,23,UTA,54,850,13.0,.543,.266,.254,2.4,13.5,8.2,20.9,1.4,1.0,17.3,22.6,0.1,0.9,1.0,.057,-1.8,-0.1,-1.9,0.0
Mychal Mulder,SG,25,GSW,7,204,7.8,.533,.776,.179,1.5,11.0,6.1,5.8,0.5,0.4,6.5,16.2,0.0,0.0,0.1,.017,-3.3,-2.8,-6.1,-0.2
Dejounte Murray,PG,23,SAS,66,1687,16.2,.524,.174,.179,4.4,20.1,12.2,23.1,3.1,0.9,15.4,20.8,0.7,2.0,2.6,.074,-0.9,1.3,0.4,1.0
Jamal Murray,PG,22,DEN,59,1904,17.7,.559,.362,.207,2.7,11.2,6.9,22.9,1.7,0.8,11.5,25.2,2.8,1.5,4.3,.107,2.0,-0.8,1.2,1.5
DÅ¾anan Musa,SF,20,BRK,40,487,9.4,.484,.453,.349,4.6,13.5,9.1,12.6,1.5,0.2,15.4,20.1,-0.3,0.5,0.2,.016,-3.5,-0.9,-4.4,-0.3
Mike Muscala,C,28,OKC,47,572,12.5,.569,.757,.116,3.2,17.3,10.4,10.1,0.8,1.8,7.9,16.6,0.7,0.6,1.3,.107,0.1,-0.2,-0.1,0.3
Sviatoslav Mykhailiuk,SF,22,DET,56,1265,11.2,.578,.704,.173,1.5,7.9,4.7,12.3,1.6,0.3,12.3,17.1,1.0,0.6,1.6,.060,-0.7,-1.2,-1.9,0.0
Abdel Nader,SF,26,OKC,55,867,11.3,.591,.487,.251,1.8,10.6,6.4,6.4,1.3,2.0,12.8,17.0,0.5,0.9,1.3,.074,-1.1,0.2,-1.0,0.2
Larry Nance Jr.,C,27,CLE,56,1472,17.3,.608,.369,.172,7.9,23.1,15.4,12.3,1.9,1.3,11.5,15.2,2.8,1.1,3.9,.128,1.4,0.4,1.7,1.4
Shabazz Napier,PG,28,TOT,56,1344,13.8,.552,.526,.336,2.0,10.9,6.3,27.8,2.4,0.7,19.7,20.0,0.8,0.9,1.7,.059,-0.7,-0.4,-1.1,0.3
Shabazz Napier,PG,28,MIN,36,856,13.9,.539,.562,.311,2.0,11.9,6.8,31.3,2.2,0.7,19.1,19.1,0.6,0.6,1.3,.071,-0.6,-0.2,-0.8,0.3
Shabazz Napier,PG,28,WAS,20,488,13.6,.573,.468,.376,1.9,9.1,5.4,21.7,2.8,0.7,20.5,21.6,0.1,0.3,0.4,.039,-0.9,-0.7,-1.5,0.0
Raul Neto,PG,27,PHI,54,668,12.7,.567,.396,.212,1.8,8.3,5.0,20.3,1.7,0.8,16.2,18.7,0.5,0.6,1.2,.083,-1.2,-0.6,-1.8,0.0
Malik Newman,SG,22,CLE,1,4,-11.4,.347,.500,1.000,0.0,0.0,0.0,0.0,0.0,0.0,25.8,41.5,0.0,0.0,0.0,-0.502,-14.5,-11.2,-25.7,0.0
Georges Niang,PF,26,UTA,66,923,11.7,.589,.699,.075,1.9,12.9,7.6,7.0,0.9,0.4,8.3,17.2,1.0,0.8,1.8,.092,0.4,-0.5,-0.1,0.4
Joakim Noah,C,34,LAC,5,50,11.1,.608,.000,1.000,10.7,22.3,16.6,17.9,0.9,1.8,34.2,14.7,0.0,0.1,0.1,.096,-4.1,2.5,-1.6,0.0
Nerlens Noel,C,25,OKC,61,1127,20.4,.711,.011,.394,9.2,19.9,14.7,7.6,2.5,6.9,17.3,14.9,2.6,2.3,4.9,.209,-0.3,3.4,3.1,1.5
Zach Norvell,SG,22,TOT,5,41,2.6,.402,.667,.083,0.0,16.3,7.9,10.2,2.3,0.0,19.4,16.1,-0.1,0.0,-0.1,-0.084,-7.1,-1.2,-8.4,-0.1
Zach Norvell,SG,22,LAL,2,5,-5.6,.000,.000,.000,0.0,21.6,10.9,0.0,0.0,0.0,0.0,8.4,0.0,0.0,0.0,-0.152,-10.3,-2.5,-12.8,0.0
Zach Norvell,SG,22,GSW,3,36,3.7,.437,.727,.091,0.0,15.6,7.5,11.7,2.7,0.0,20.8,17.1,-0.1,0.0,-0.1,-0.075,-6.7,-1.0,-7.8,-0.1
Jaylen Nowell,SG,20,MIN,15,151,10.5,.471,.491,.321,2.0,7.3,4.5,17.8,0.9,0.6,4.7,17.3,0.1,0.0,0.2,.051,-2.9,-0.8,-3.8,-0.1
Frank Ntilikina,PG,21,NYK,57,1187,9.8,.497,.411,.177,2.0,9.1,5.4,20.2,2.2,1.3,16.5,15.4,0.1,0.8,0.9,.037,-3.6,0.4,-3.2,-0.4
Kendrick Nunn,SG,24,MIA,67,1962,12.9,.534,.428,.109,1.2,8.7,5.1,18.5,1.4,0.8,10.6,24.1,0.4,1.6,2.0,.049,-1.0,-1.3,-2.3,-0.1
Jusuf NurkiÄ‡,C,25,POR,8,253,22.6,.567,.092,.321,9.6,24.1,16.9,19.1,2.1,5.4,13.2,24.0,0.5,0.3,0.9,.164,1.0,0.9,2.0,0.2
David Nwaba,SF,27,BRK,20,268,14.0,.627,.394,.380,3.2,14.0,8.7,4.3,1.9,3.7,8.8,14.2,0.4,0.4,0.8,.138,-1.0,2.0,1.0,0.2
Royce O'Neale,PF,26,UTA,71,2049,9.5,.578,.668,.151,1.5,18.8,10.4,11.6,1.4,1.3,13.5,9.6,1.8,2.5,4.3,.101,-1.3,2.2,0.9,1.5
Kyle O'Quinn,C,29,PHI,29,313,18.6,.544,.318,.235,12.0,29.0,20.5,22.7,1.1,6.5,17.6,15.7,0.5,0.6,1.1,.165,0.3,2.7,3.0,0.4
Semi Ojeleye,PF,25,BOS,69,1011,7.7,.562,.648,.163,2.8,12.5,7.7,4.7,1.0,0.5,8.3,9.7,0.8,1.0,1.9,.088,-2.1,0.4,-1.7,0.1
Jahlil Okafor,C,24,NOP,30,467,18.3,.642,.019,.383,10.9,18.0,14.4,12.0,0.7,3.9,16.7,19.9,0.9,0.4,1.3,.133,-0.5,0.3,-0.2,0.2
Elie Okobo,PG,22,PHO,55,719,10.6,.516,.392,.392,2.4,11.6,6.9,21.2,1.6,0.5,15.2,14.8,0.5,0.5,1.0,.067,-1.9,0.0,-1.9,0.0
Josh Okogie,SG,21,MIN,62,1547,11.5,.553,.387,.480,5.7,12.8,9.1,8.9,2.0,1.4,15.3,15.1,0.9,1.2,2.2,.068,-2.4,0.0,-2.4,-0.2
KZ Okpala,SF,20,MIA,5,26,13.7,.595,.200,.400,4.5,16.6,10.8,5.5,3.8,3.8,14.5,11.7,0.0,0.0,0.1,.118,-1.3,4.0,2.7,0.0
Victor Oladipo,SG,27,IND,19,528,11.3,.506,.423,.240,1.9,13.6,7.8,15.4,1.6,0.7,14.7,26.5,-0.6,0.6,0.0,.002,-2.2,-1.1,-3.3,-0.2
Kelly Olynyk,C,28,MIA,67,1300,14.6,.621,.588,.251,3.9,21.6,13.1,13.3,1.7,1.8,13.8,17.4,1.9,1.8,3.7,.135,0.0,1.0,1.0,1.0
Miye Oni,SG,22,UTA,10,109,9.7,.512,.594,.156,5.2,11.7,8.6,5.1,1.8,1.5,10.5,15.3,0.0,0.1,0.1,.063,-3.2,-1.0,-4.3,-0.1
Cedi Osman,SF,24,CLE,65,1910,10.7,.552,.527,.154,2.2,11.3,6.7,11.6,1.4,0.7,12.3,16.6,1.0,0.6,1.6,.040,-1.7,-0.9,-2.6,-0.3
Kelly Oubre Jr.,SF,24,PHO,56,1933,14.9,.560,.372,.298,3.8,17.1,10.4,6.6,1.7,1.8,8.2,22.4,1.7,2.1,3.8,.093,-0.3,-0.3,-0.5,0.7
Tariq Owens,PF,24,PHO,3,15,8.4,.340,.400,.400,14.6,7.5,11.1,0.0,3.2,0.0,0.0,16.7,0.0,0.0,0.0,.021,-3.1,-2.7,-5.8,0.0
Jeremy Pargo,PG,33,GSW,3,44,12.6,.557,.318,.045,2.4,5.1,3.7,33.2,1.1,0.0,15.1,25.7,0.0,0.0,0.0,.011,-2.8,-3.0,-5.9,0.0
Jabari Parker,PF,24,TOT,38,917,18.0,.571,.277,.189,7.1,18.3,12.6,12.4,2.3,1.5,12.1,24.0,0.8,0.8,1.6,.083,0.6,-0.3,0.3,0.5
Jabari Parker,PF,24,ATL,32,837,17.2,.565,.293,.183,6.9,17.9,12.3,11.6,2.3,1.5,12.4,24.0,0.5,0.7,1.2,.068,0.3,-0.3,0.0,0.4
Jabari Parker,PF,24,SAC,6,80,26.5,.638,.111,.250,9.6,23.1,16.2,21.5,1.8,1.2,9.1,23.8,0.3,0.1,0.4,.234,3.5,-0.9,2.6,0.1
Chandler Parsons,SF,31,ATL,5,54,5.6,.389,.778,.000,2.0,12.1,7.0,7.5,3.5,1.6,14.3,16.1,-0.1,0.0,-0.1,-0.065,-4.7,-1.4,-6.1,-0.1
Eric Paschall,PF,23,GSW,60,1654,14.5,.571,.202,.331,5.2,13.1,9.0,12.7,0.9,0.7,11.4,21.4,1.6,0.5,2.1,.062,-0.7,-2.0,-2.7,-0.3
AnÅ¾ejs PaseÄÅ†iks,C,24,WAS,27,437,11.3,.551,.026,.500,10.1,16.9,13.4,5.7,1.0,2.4,14.5,15.8,0.3,0.2,0.5,.054,-4.1,-1.5,-5.6,-0.4
Patrick Patterson,PF,30,LAC,59,776,11.5,.580,.738,.185,4.8,15.1,10.1,7.2,0.4,0.3,7.7,14.7,1.1,0.8,1.9,.118,0.8,-0.5,0.3,0.5
Justin Patton,C,22,OKC,5,24,4.7,.450,.400,.000,4.7,17.9,11.5,12.6,0.0,0.0,16.7,22.0,-0.1,0.0,0.0,-0.063,-6.8,-3.3,-10.1,0.0
Chris Paul,PG,34,OKC,70,2208,21.7,.610,.343,.315,1.3,15.7,8.7,34.0,2.4,0.4,13.8,23.3,5.9,3.0,8.9,.193,3.0,1.4,4.4,3.5
Cameron Payne,PG,25,PHO,8,183,15.7,.612,.426,.103,2.4,16.6,9.4,19.5,2.1,1.0,13.4,19.1,0.3,0.2,0.5,.120,0.5,1.0,1.5,0.2
Elfrid Payton,PG,25,NYK,45,1246,16.0,.470,.157,.195,4.3,14.1,9.1,38.6,2.7,1.3,16.7,19.5,0.5,1.2,1.7,.065,-0.4,0.4,0.0,0.6
Gary Payton II,PG,27,WAS,29,432,11.3,.473,.397,.069,6.3,14.2,10.1,14.8,3.6,1.4,14.3,13.4,0.0,0.4,0.5,.051,-3.2,1.6,-1.6,0.0
Norvel Pelle,C,26,PHI,24,232,10.5,.526,.021,.292,9.5,24.8,17.1,4.6,0.6,11.4,24.9,13.4,-0.2,0.5,0.3,.069,-7.8,2.6,-5.2,-0.2
Theo Pinson,SG,24,BRK,33,365,5.2,.370,.516,.103,2.9,12.2,7.7,21.7,2.2,0.9,16.9,22.3,-1.0,0.4,-0.6,-0.078,-6.8,-0.2,-7.0,-0.5
Mason Plumlee,C,29,DEN,61,1057,18.8,.613,.017,.538,10.4,23.2,16.8,20.9,1.5,3.3,18.7,18.0,2.0,1.4,3.4,.153,0.3,1.7,2.0,1.1
Jakob Poeltl,C,24,SAS,66,1171,19.1,.612,.000,.323,12.1,22.5,17.3,13.6,1.5,7.1,15.1,13.2,2.4,1.6,4.0,.163,0.5,2.0,2.5,1.3
Vincent Poirier,C,26,BOS,22,130,12.7,.525,.056,.194,10.8,24.4,17.7,8.5,0.7,6.4,17.0,15.4,0.1,0.2,0.3,.113,-4.8,1.0,-3.8,-0.1
Shamorie Ponds,PG,21,TOR,4,11,33.1,.765,.400,.400,0.0,9.4,4.8,32.4,0.0,8.9,0.0,22.8,0.1,0.0,0.1,.450,8.4,5.3,13.7,0.0
Jordan Poole,SG,20,GSW,57,1274,7.2,.454,.528,.237,0.7,9.6,5.0,15.8,1.3,0.7,11.8,21.1,-1.6,0.4,-1.2,-0.047,-4.4,-2.2,-6.6,-1.5
Kevin Porter Jr.,SF,19,CLE,50,1162,10.8,.535,.375,.240,2.1,13.5,7.7,13.9,1.9,1.0,16.7,20.5,-0.3,0.6,0.3,.012,-3.2,-0.6,-3.8,-0.5
Michael Porter Jr.,PF,21,DEN,55,903,19.8,.617,.384,.188,8.2,23.9,16.1,7.9,1.5,2.6,10.6,22.3,1.8,1.1,2.9,.154,2.4,-0.8,1.5,0.8
Otto Porter,SF,26,CHI,14,331,15.8,.550,.443,.193,4.1,12.3,8.0,11.9,2.2,1.7,6.8,21.0,0.4,0.4,0.8,.112,0.8,0.2,1.0,0.3
Bobby Portis,C,24,NYK,66,1393,14.6,.530,.317,.158,6.0,20.4,12.9,11.1,1.1,1.2,10.4,21.4,0.9,1.0,1.9,.064,0.0,-1.1,-1.1,0.3
Kristaps PorziÅ†Ä£is,PF,24,DAL,57,1814,20.2,.551,.432,.304,5.9,25.1,15.6,8.8,1.1,5.4,8.0,27.0,2.6,2.6,5.2,.138,1.8,0.1,1.9,1.8
Dwight Powell,C,28,DAL,40,1061,15.9,.677,.170,.485,7.5,14.8,11.2,7.7,1.5,1.8,11.5,12.6,2.6,1.0,3.6,.162,0.4,0.9,1.3,0.9
Norman Powell,SG,26,TOR,52,1479,16.8,.624,.457,.256,1.9,11.4,6.8,9.7,1.9,1.4,10.4,21.5,2.3,2.3,4.6,.150,1.2,0.8,2.0,1.5
Chasson Randle,PG,26,GSW,3,40,6.7,.377,.500,1.500,0.0,5.6,2.7,15.7,2.4,0.0,0.0,7.1,0.0,0.0,0.0,.045,-6.0,0.2,-5.8,0.0
Julius Randle,PF,25,NYK,64,2080,17.5,.538,.230,.350,7.5,24.9,16.0,15.8,1.2,1.0,14.3,27.6,0.9,1.8,2.7,.062,0.7,-1.0,-0.3,0.9
Josh Reaves,SG,22,DAL,4,28,5.8,.405,.222,.222,3.8,7.4,5.6,14.2,0.0,0.0,0.0,15.1,0.0,0.0,0.0,.031,-5.9,-4.0,-9.9,-0.1
Cam Reddish,SF,20,ATL,58,1551,9.0,.500,.451,.227,2.4,12.7,7.5,8.0,1.9,1.5,13.6,18.9,-1.2,0.8,-0.4,-0.011,-3.3,-1.0,-4.2,-0.9
J.J. Redick,SG,35,NOP,60,1581,15.4,.644,.629,.293,0.7,9.5,5.1,10.8,0.6,0.5,9.5,20.4,3.6,0.6,4.1,.125,2.3,-1.7,0.7,1.1
Naz Reid,C,20,MIN,30,495,15.3,.505,.399,.218,7.0,19.9,13.2,11.2,1.8,3.7,7.6,24.0,0.2,0.6,0.8,.074,-1.6,-0.3,-1.9,0.0
Josh Richardson,SG,26,PHI,55,1693,12.0,.533,.385,.218,2.7,8.7,5.7,13.9,1.5,1.8,12.8,20.6,0.5,1.7,2.1,.061,-1.4,-0.4,-1.8,0.1
Austin Rivers,SG,27,HOU,68,1594,10.4,.542,.539,.222,1.8,9.8,5.8,10.0,1.4,0.5,8.3,15.6,1.2,1.2,2.4,.072,-2.1,-0.4,-2.5,-0.2
Andre Roberson,SG,28,OKC,7,87,5.4,.335,.483,.069,9.2,24.7,17.1,6.3,0.6,3.0,6.3,16.1,-0.1,0.1,0.0,-0.017,-5.2,-0.1,-5.3,-0.1
Duncan Robinson,SF,25,MIA,73,2166,13.1,.684,.882,.105,0.5,11.0,6.0,7.1,0.8,0.9,8.9,16.0,3.7,1.6,5.3,.118,1.5,-1.0,0.5,1.3
Glenn Robinson III,SF,26,TOT,62,1786,13.3,.577,.333,.145,4.8,11.9,8.2,8.4,1.5,0.8,8.0,16.4,2.0,0.9,2.9,.078,-0.5,-1.2,-1.7,0.1
Glenn Robinson III,SF,26,GSW,48,1516,13.1,.574,.335,.146,4.6,11.9,8.1,8.8,1.4,0.8,8.5,16.6,1.5,0.6,2.1,.067,-0.6,-1.2,-1.7,0.1
Glenn Robinson III,SF,26,PHI,14,270,14.7,.598,.318,.141,6.1,11.9,9.0,5.9,1.6,0.6,5.2,15.2,0.5,0.3,0.8,.137,0.0,-1.3,-1.4,0.0
Jerome Robinson,SG,22,TOT,63,979,7.4,.476,.494,.184,1.4,12.8,7.0,11.9,1.3,1.5,12.8,16.4,-0.6,0.8,0.2,.009,-3.8,-0.2,-3.9,-0.5
Jerome Robinson,SG,22,LAC,42,476,4.8,.423,.493,.140,1.1,11.7,6.5,12.6,1.3,1.5,15.3,15.0,-0.6,0.6,0.0,-0.004,-5.3,0.6,-4.7,-0.3
Jerome Robinson,SG,22,WAS,21,503,9.8,.516,.494,.218,1.7,13.8,7.5,11.3,1.4,1.6,10.8,17.7,0.0,0.2,0.2,.022,-2.2,-0.9,-3.2,-0.1
Justin Robinson,PG,22,WAS,9,49,8.2,.542,.417,.000,2.1,9.3,5.6,18.8,0.0,1.8,20.0,12.7,0.0,0.0,0.0,.007,-2.6,-3.1,-5.7,0.0
Mitchell Robinson,C,21,NYK,61,1412,23.5,.726,.000,.434,13.7,18.8,16.2,3.9,1.8,8.0,8.3,13.3,4.8,2.0,6.8,.230,1.6,1.4,2.9,1.8
Isaiah Roby,SF,21,OKC,3,11,-7.7,.000,.000,.000,0.0,19.5,10.0,0.0,0.0,0.0,50.0,8.0,-0.1,0.0,0.0,-0.188,-12.1,-3.4,-15.5,0.0
Rajon Rondo,PG,33,LAL,48,984,12.4,.494,.381,.125,2.6,13.1,7.9,32.9,1.9,0.2,20.8,18.7,0.1,1.3,1.4,.068,-1.2,-0.1,-1.3,0.2
Derrick Rose,PG,31,DET,50,1298,21.0,.555,.195,.185,2.3,8.3,5.3,40.5,1.5,1.0,13.4,31.6,1.8,0.7,2.5,.092,3.9,-1.7,2.2,1.4
Terrence Ross,SG,28,ORL,69,1889,14.0,.548,.596,.217,0.7,12.3,6.3,6.8,2.0,1.1,7.0,22.8,1.1,2.0,3.0,.077,-0.1,-0.3,-0.4,0.8
Terry Rozier,PG,25,CHO,63,2164,14.8,.553,.450,.202,2.4,11.8,7.0,20.4,1.4,0.4,12.1,23.7,1.9,1.1,3.0,.066,0.8,-1.2,-0.4,0.8
Ricky Rubio,PG,29,PHO,65,2016,16.5,.535,.312,.327,2.5,14.4,8.4,39.7,2.2,0.5,17.9,20.4,2.9,2.0,4.9,.117,0.7,0.2,1.0,1.5
D'Angelo Russell,PG,23,TOT,45,1452,18.7,.556,.509,.235,1.2,12.3,6.6,35.2,1.6,0.8,13.6,31.5,1.1,0.7,1.8,.060,3.8,-1.9,1.9,1.4
D'Angelo Russell,PG,23,GSW,33,1060,19.1,.558,.506,.227,1.4,11.4,6.2,36.0,1.4,0.8,12.6,32.2,0.9,0.4,1.3,.058,4.5,-1.9,2.6,1.2
D'Angelo Russell,PG,23,MIN,12,392,17.6,.553,.521,.261,0.8,14.5,7.4,33.1,2.0,0.8,16.4,29.5,0.2,0.3,0.5,.064,1.8,-1.7,0.1,0.2
Domantas Sabonis,PF,23,IND,62,2159,20.7,.586,.079,.349,9.7,29.3,19.6,21.7,1.1,1.2,14.8,23.3,4.1,3.4,7.5,.168,2.0,1.2,3.2,2.9
Luka Å amaniÄ‡,PF,20,SAS,3,48,8.8,.450,.500,.250,2.2,20.2,11.2,16.3,0.0,3.7,10.1,17.8,0.0,0.0,0.0,.011,-2.4,-1.7,-4.1,0.0
JaKarr Sampson,SF,26,IND,34,471,12.6,.615,.113,.235,4.7,15.7,10.2,6.1,1.6,2.2,10.6,13.2,0.6,0.7,1.2,.124,-2.8,1.4,-1.4,0.1
Dario Å ariÄ‡,PF,25,PHO,66,1632,14.2,.592,.437,.238,6.7,21.1,13.8,10.8,1.1,0.9,12.9,17.8,2.1,1.5,3.6,.105,-0.1,-0.3,-0.4,0.7
TomÃ¡Å¡ SatoranskÃ½,PG,28,CHI,65,1878,13.5,.533,.361,.220,4.3,11.0,7.5,27.1,2.1,0.4,17.7,16.7,1.8,1.7,3.5,.090,-1.1,-0.2,-1.3,0.3
Admiral Schofield,SF,22,WAS,33,368,6.1,.502,.663,.163,2.0,12.4,7.0,5.3,1.0,0.9,6.6,11.9,0.1,0.1,0.1,.017,-4.3,-1.2,-5.5,-0.3
Dennis SchrÃ¶der,PG,26,OKC,65,1999,16.7,.575,.337,.245,1.1,11.6,6.5,21.9,1.1,0.6,13.4,27.2,1.9,1.8,3.6,.087,1.1,-1.1,0.0,1.0
Mike Scott,PF,31,PHI,68,1207,11.2,.557,.620,.106,5.9,16.8,11.3,6.4,0.8,0.4,6.6,14.0,1.4,1.1,2.5,.100,-0.7,-1.1,-1.8,0.1
Thabo Sefolosha,PF,35,HOU,41,436,9.4,.487,.593,.088,5.0,17.5,11.2,7.5,2.5,2.4,13.7,10.4,0.0,0.6,0.7,.072,-2.9,1.6,-1.2,0.1
Collin Sexton,SG,21,CLE,65,2143,16.3,.560,.235,.246,3.1,7.5,5.3,15.1,1.5,0.3,11.6,27.2,2.1,0.4,2.5,.057,0.3,-2.1,-1.8,0.1
Landry Shamet,SG,22,LAC,53,1452,8.5,.580,.757,.194,0.4,6.6,3.6,9.1,0.7,0.6,9.0,13.4,1.5,1.1,2.6,.086,-1.8,-0.3,-2.1,0.0
Marial Shayok,SG,24,PHI,4,28,1.4,.400,.500,.333,3.9,23.7,13.8,4.8,0.0,3.0,17.9,25.8,-0.1,0.0,-0.1,-0.130,-9.3,-3.7,-13.0,-0.1
Iman Shumpert,SG,29,BRK,13,241,5.3,.403,.516,.109,3.9,10.5,7.3,6.7,2.4,0.7,13.0,13.4,-0.3,0.3,0.0,-0.005,-6.3,0.8,-5.5,-0.2
Pascal Siakam,PF,25,TOR,60,2110,17.9,.554,.331,.274,3.3,18.3,11.0,16.4,1.4,2.5,10.7,28.1,1.8,3.6,5.4,.123,1.3,0.5,1.8,2.0
Chris Silva,PF,23,MIA,44,346,17.3,.651,.038,.705,20.2,20.6,20.4,9.9,1.3,6.0,23.8,17.1,0.7,0.5,1.3,.178,-3.1,0.8,-2.3,0.0
Ben Simmons,PG,23,PHI,57,2017,20.4,.602,.011,.461,6.2,18.2,12.2,33.8,2.9,1.4,20.4,20.9,3.8,3.1,6.9,.165,1.3,2.3,3.6,2.8
Anfernee Simons,SG,20,POR,70,1449,9.0,.502,.422,.172,1.8,9.1,5.5,9.2,0.9,0.6,9.6,18.7,0.0,0.1,0.2,.005,-2.6,-1.9,-4.5,-0.9
Alen SmailagiÄ‡,PF,19,GSW,14,139,14.5,.610,.325,.475,7.5,13.7,10.5,14.3,1.0,2.6,18.5,18.2,0.2,0.1,0.2,.081,-1.4,-0.8,-2.2,0.0
Marcus Smart,SG,25,BOS,60,1919,13.8,.518,.579,.223,2.4,10.1,6.3,21.1,2.5,1.4,12.1,18.9,1.7,2.8,4.5,.112,0.0,1.4,1.4,1.6
Dennis Smith Jr.,PG,22,NYK,34,537,7.4,.399,.256,.251,4.1,11.7,7.7,26.4,2.5,1.4,19.8,23.1,-1.4,0.5,-0.9,-0.079,-5.2,-0.9,-6.1,-0.6
Ish Smith,PG,31,WAS,68,1787,13.9,.509,.245,.125,1.8,12.0,6.7,27.1,1.5,1.5,11.6,19.1,1.3,0.6,1.9,.051,-0.3,-1.0,-1.3,0.3
J.R. Smith,SG,34,LAL,6,79,0.0,.372,.500,.091,0.0,6.9,3.5,4.8,0.6,0.0,14.9,14.3,-0.2,0.1,-0.1,-0.077,-7.8,-2.0,-9.8,-0.2
Zhaire Smith,SG,20,PHI,7,32,1.1,.313,.273,.364,0.0,6.9,3.5,8.2,4.5,0.0,13.6,19.9,-0.1,0.1,-0.1,-0.120,-10.8,0.8,-10.0,-0.1
Tony Snell,SF,28,DET,59,1641,9.7,.598,.665,.084,0.6,7.1,3.8,10.9,1.0,0.8,7.3,11.4,2.1,0.5,2.6,.076,-1.2,-0.6,-1.8,0.1
Omari Spellman,PF,22,GSW,49,886,14.4,.551,.373,.312,9.1,18.0,13.4,8.1,1.8,2.4,13.9,18.8,0.5,0.7,1.2,.066,-0.8,-1.0,-1.7,0.1
Max Strus,SG,23,CHI,2,6,30.7,.727,.333,.333,17.5,0.0,9.2,0.0,0.0,0.0,0.0,24.4,0.0,0.0,0.0,.316,5.3,-1.0,4.4,0.0
Edmond Sumner,PG,24,IND,31,447,10.1,.491,.373,.204,2.7,8.5,5.6,16.7,1.6,1.8,12.4,17.3,-0.1,0.5,0.4,.047,-3.2,0.2,-3.0,-0.1
Caleb Swanigan,PF,22,TOT,27,288,7.6,.597,.043,.362,9.9,26.4,18.3,13.9,0.5,2.2,40.4,13.5,-0.2,0.2,0.0,.004,-6.2,0.2,-6.0,-0.3
Caleb Swanigan,PF,22,SAC,7,23,-0.1,.512,.000,.500,9.6,25.1,17.1,11.5,2.1,8.3,55.1,20.5,-0.1,0.0,-0.1,-0.177,-14.6,3.3,-11.3,-0.1
Caleb Swanigan,PF,22,POR,20,265,8.2,.605,.047,.349,10.0,26.5,18.3,14.1,0.4,1.6,38.5,12.9,-0.1,0.2,0.1,.020,-5.5,-0.1,-5.6,-0.2
Jayson Tatum,PF,21,BOS,66,2265,20.4,.567,.383,.255,3.1,18.5,10.9,14.5,2.0,2.3,10.2,28.6,3.2,3.7,6.9,.146,3.5,0.6,4.0,3.4
Jeff Teague,PG,31,TOT,59,1464,14.6,.557,.239,.403,1.9,8.6,5.2,30.7,1.4,1.1,16.8,19.5,1.9,0.6,2.5,.082,-0.2,-1.3,-1.5,0.2
Jeff Teague,PG,31,MIN,34,945,15.9,.578,.269,.444,1.6,8.5,4.9,32.5,1.2,1.1,16.4,20.2,1.7,0.4,2.1,.108,0.6,-1.2,-0.6,0.3
Jeff Teague,PG,31,ATL,25,519,12.2,.512,.182,.321,2.5,8.8,5.6,27.3,1.7,1.0,17.5,18.3,0.2,0.2,0.4,.035,-1.6,-1.5,-3.1,-0.2
Garrett Temple,SG,33,BRK,62,1730,10.5,.513,.658,.148,1.8,11.1,6.5,12.8,1.3,1.4,9.0,16.6,0.7,1.7,2.4,.066,-1.4,0.3,-1.1,0.4
Daniel Theis,C,27,BOS,65,1566,17.9,.631,.225,.268,9.7,19.3,14.6,10.1,1.1,5.0,10.2,14.4,4.0,2.6,6.5,.201,0.6,1.8,2.4,1.7
Isaiah Thomas,PG,30,WAS,40,925,11.6,.531,.444,.178,1.2,7.0,4.0,23.4,0.7,0.6,14.4,24.1,0.1,-0.1,0.0,.002,-0.5,-3.9,-4.3,-0.5
Khyri Thomas,SG,23,DET,8,61,3.1,.453,.824,.235,1.8,0.0,0.9,6.7,2.4,0.0,13.8,15.6,-0.1,0.0,0.0,-0.038,-6.2,-1.7,-7.9,-0.1
Lance Thomas,SF,31,BRK,7,98,3.0,.485,.565,.174,2.2,11.4,6.9,8.2,0.0,0.0,19.5,13.1,-0.1,0.1,0.0,-0.015,-5.7,-2.6,-8.3,-0.2
Matt Thomas,SG,25,TOR,41,440,13.3,.650,.660,.080,2.2,12.2,7.3,7.5,1.1,0.2,9.3,16.6,0.7,0.6,1.2,.133,1.0,0.1,1.1,0.3
Tristan Thompson,C,28,CLE,57,1721,16.8,.540,.041,.286,14.5,22.9,18.6,10.5,0.9,2.5,14.0,18.3,2.0,1.1,3.1,.085,-0.3,-1.3,-1.5,0.2
Sindarius Thornwell,SG,25,NOP,2,35,14.7,.627,.364,.364,0.0,12.2,6.1,16.1,1.3,2.4,13.6,17.3,0.0,0.0,0.1,.101,-0.1,-1.2,-1.3,0.0
Matisse Thybulle,SG,22,PHI,65,1287,10.0,.539,.592,.155,3.8,5.4,4.6,8.0,3.5,3.1,15.3,11.2,0.3,2.0,2.3,.086,-2.8,3.1,0.3,0.8
Anthony Tolliver,PF,34,TOT,55,872,7.0,.513,.797,.159,4.1,14.3,9.3,6.0,1.0,1.1,14.9,11.1,0.0,0.4,0.5,.026,-2.7,-0.5,-3.2,-0.3
Anthony Tolliver,PF,34,POR,33,554,7.5,.515,.761,.162,5.2,15.5,10.4,6.6,0.7,1.4,14.3,11.2,0.2,0.2,0.4,.031,-2.3,-0.9,-3.3,-0.2
Anthony Tolliver,PF,34,SAC,9,82,0.2,.252,.882,.118,2.7,12.7,7.6,4.5,2.4,1.2,18.3,11.6,-0.2,0.1,-0.2,-0.100,-7.8,-1.0,-8.8,-0.1
Anthony Tolliver,PF,34,MEM,13,236,8.0,.602,.854,.167,2.3,12.3,7.4,5.3,1.4,0.4,14.9,10.7,0.1,0.2,0.3,.061,-1.7,0.6,-1.2,0.0
Juan Toscano-Anderson,SF,26,GSW,13,272,9.4,.529,.365,.079,3.5,17.8,10.4,13.8,2.3,1.7,19.7,12.7,-0.1,0.2,0.2,.030,-4.0,0.5,-3.5,-0.1
Karl-Anthony Towns,C,24,MIN,35,1187,26.5,.642,.445,.363,8.1,26.1,16.8,22.8,1.3,2.9,13.2,28.8,3.7,1.3,5.1,.204,7.0,0.8,7.8,2.9
Gary Trent Jr.,SG,21,POR,61,1332,12.9,.587,.608,.102,2.0,5.8,3.9,6.3,1.7,1.0,4.4,15.3,2.2,0.3,2.5,.089,0.5,-0.8,-0.3,0.6
Allonzo Trier,PG,24,NYK,24,291,14.5,.620,.500,.406,2.1,8.7,5.3,14.8,0.5,1.3,15.0,21.4,0.5,0.1,0.5,.087,0.9,-1.4,-0.5,0.1
P.J. Tucker,PF,34,HOU,72,2467,8.3,.559,.702,.113,4.7,15.6,10.1,6.0,1.4,1.2,13.9,8.7,1.6,2.4,4.0,.078,-2.4,0.6,-1.9,0.1
Rayjon Tucker,SG,22,UTA,20,161,9.7,.584,.395,.535,2.1,11.2,6.8,4.4,0.3,0.5,13.1,16.6,0.1,0.1,0.2,.063,-3.8,-2.2,-6.0,-0.2
Evan Turner,PG,31,ATL,19,251,6.8,.424,.075,.209,3.4,13.0,8.2,20.6,1.7,2.7,26.2,16.4,-0.5,0.1,-0.3,-0.064,-4.9,-0.7,-5.6,-0.2
Myles Turner,C,23,IND,62,1826,14.8,.566,.426,.288,5.2,19.1,12.2,5.4,1.2,6.4,11.4,17.9,1.1,3.1,4.2,.111,-1.0,1.1,0.1,1.0
Jarrod Uthoff,SF,26,TOT,7,53,8.8,.503,.500,.111,4.0,8.6,6.1,0.0,0.9,0.0,0.0,14.8,0.0,0.0,0.0,.018,-2.3,-2.2,-4.5,0.0
Jarrod Uthoff,SF,26,MEM,4,14,-0.1,.254,.571,.286,7.7,0.0,3.8,0.0,3.3,0.0,0.0,23.4,-0.1,0.0,0.0,-0.166,-11.1,-2.4,-13.5,0.0
Jarrod Uthoff,SF,26,WAS,3,39,12.0,.682,.455,.000,2.7,11.7,7.0,0.0,0.0,0.0,0.0,11.7,0.1,0.0,0.1,.083,0.8,-2.1,-1.2,0.0
Jonas ValanÄiÅ«nas,C,27,MEM,70,1845,22.2,.631,.123,.271,12.4,32.2,22.5,10.9,0.8,3.6,13.3,21.5,4.2,2.8,7.0,.182,2.1,0.2,2.4,2.0
Denzel Valentine,SF,26,CHI,36,488,13.0,.511,.578,.034,1.9,15.5,8.4,14.2,2.6,1.2,9.8,23.3,-0.1,0.6,0.5,.048,-0.8,0.2,-0.6,0.2
Jarred Vanderbilt,SF-PF,20,TOT,11,46,7.6,.676,.125,.250,7.3,14.5,10.9,5.9,3.2,2.0,44.1,14.9,-0.1,0.1,0.0,-0.026,-6.6,0.5,-6.0,-0.1
Jarred Vanderbilt,SF,20,DEN,9,41,7.2,.714,.000,.000,8.2,13.6,10.9,6.6,3.6,2.3,50.0,14.8,-0.1,0.1,0.0,-0.042,-7.0,0.9,-6.1,0.0
Jarred Vanderbilt,PF,20,MIN,2,5,11.1,.532,1.000,2.000,0.0,21.9,10.6,0.0,0.0,0.0,0.0,15.5,0.0,0.0,0.0,.104,-2.8,-2.8,-5.6,0.0
Fred VanVleet,PG,25,TOR,54,1928,16.3,.553,.484,.256,1.0,9.9,5.6,27.7,2.5,0.9,12.3,21.7,2.8,3.1,5.8,.145,1.2,1.4,2.7,2.3
Gabe Vincent,PG,23,MIA,9,83,1.2,.297,.730,.000,0.0,6.5,3.4,10.1,2.9,0.0,2.6,20.2,-0.3,0.1,-0.2,-0.117,-8.5,-1.9,-10.4,-0.2
Noah Vonleh,C-PF,24,TOT,36,377,15.5,.622,.163,.348,10.1,25.3,17.4,10.7,1.4,1.3,16.5,13.9,0.6,0.4,1.0,.127,-1.2,0.3,-1.0,0.1
Noah Vonleh,C,24,MIN,29,347,15.3,.605,.163,.326,10.0,25.9,17.6,10.8,1.5,1.4,16.2,13.9,0.5,0.4,0.9,.124,-1.5,0.4,-1.0,0.1
Noah Vonleh,PF,24,DEN,7,30,17.6,.838,.167,.667,11.2,18.6,14.9,9.5,0.0,0.0,20.5,14.1,0.1,0.0,0.1,.166,1.3,-1.9,-0.6,0.0
Nikola VuÄeviÄ‡,C,29,ORL,62,1998,21.9,.549,.280,.162,7.3,29.7,18.1,19.5,1.3,2.1,7.4,25.8,3.5,2.9,6.4,.153,3.7,0.5,4.2,3.1
Dean Wade,PF,23,CLE,12,71,13.9,.744,.308,.077,4.6,25.3,14.9,4.0,1.4,4.8,18.2,9.9,0.1,0.1,0.2,.105,-1.7,0.5,-1.2,0.0
Moritz Wagner,C,22,WAS,45,835,15.1,.638,.301,.357,7.0,22.2,14.3,9.8,1.6,2.0,17.7,18.6,1.1,0.6,1.7,.099,-2.0,-0.3,-2.3,-0.1
Dion Waiters,SG,28,TOT,10,207,11.5,.521,.475,.172,1.1,11.5,6.4,14.4,0.9,2.7,13.1,25.2,-0.1,0.2,0.1,.030,-0.7,-0.6,-1.2,0.0
Dion Waiters,SG,28,MIA,3,42,13.4,.530,.654,.038,0.0,28.2,14.7,12.5,0.0,4.7,10.2,30.9,-0.1,0.1,0.0,-0.003,2.4,-0.5,1.8,0.0
Dion Waiters,SG,28,LAL,7,165,11.0,.518,.411,.219,1.3,7.2,4.3,14.9,1.2,2.2,14.0,23.8,-0.1,0.2,0.1,.038,-1.4,-0.6,-2.0,0.0
Kemba Walker,PG,29,BOS,56,1742,20.0,.575,.532,.272,2.2,11.0,6.7,24.2,1.3,1.5,10.5,27.2,3.9,2.0,5.9,.162,4.9,-0.3,4.6,2.9
Lonnie Walker,SG,21,SAS,61,988,10.5,.507,.283,.171,2.5,12.7,7.6,9.6,1.5,1.2,10.3,18.7,-0.2,0.6,0.3,.016,-2.5,-1.0,-3.5,-0.4
Tyrone Wallace,SG,25,ATL,14,160,3.9,.389,.341,.386,2.0,13.0,7.4,10.9,2.0,0.5,16.3,16.0,-0.3,0.1,-0.2,-0.075,-7.7,-1.0,-8.7,-0.3
Taurean Prince,SF,25,BRK,64,1857,9.1,.497,.583,.120,2.8,18.1,10.6,9.2,1.5,1.1,14.0,20.4,-1.7,2.3,0.6,.014,-2.8,-0.1,-2.9,-0.4
Derrick Walton,PG,24,TOT,26,248,8.7,.617,.615,.231,0.9,5.8,3.4,13.9,1.4,0.0,10.4,8.1,0.4,0.2,0.6,.111,-2.2,1.3,-1.0,0.1
Derrick Walton,PG,24,LAC,23,222,8.4,.626,.583,.250,1.0,5.9,3.5,12.6,0.9,0.0,9.1,8.3,0.4,0.2,0.5,.112,-2.2,0.9,-1.3,0.0
Derrick Walton,PG,24,DET,3,26,11.3,.500,1.000,.000,0.0,4.4,2.2,24.8,5.7,0.0,25.0,6.7,0.0,0.0,0.1,.105,-2.9,4.7,1.8,0.0
Brad Wanamaker,PG,30,BOS,71,1369,12.8,.577,.282,.376,1.7,9.4,5.6,17.8,2.2,0.9,15.3,15.5,1.8,1.8,3.5,.124,-1.9,1.3,-0.6,0.5
T.J. Warren,SF,26,IND,67,2202,18.4,.610,.227,.205,3.4,10.5,7.0,7.1,1.7,1.4,7.2,23.3,4.0,2.6,6.5,.143,1.2,0.0,1.1,1.7
P.J. Washington,PF,21,CHO,58,1759,12.4,.547,.390,.231,3.5,16.6,9.8,11.3,1.5,2.3,12.5,18.6,0.5,1.5,2.0,.054,-1.7,0.1,-1.6,0.2
Yuta Watanabe,SG,25,MEM,18,105,11.2,.480,.235,.235,7.2,12.8,10.0,6.4,2.2,0.8,5.1,15.7,0.0,0.1,0.1,.065,-2.6,0.9,-1.8,0.0
Tremont Waters,PG,22,BOS,11,119,4.3,.381,.490,.163,0.0,10.7,5.4,18.3,4.1,1.6,22.2,24.2,-0.5,0.2,-0.3,-0.103,-8.5,1.0,-7.5,-0.2
Paul Watson,SF-SG,25,TOT,10,87,12.6,.517,.462,.346,2.5,17.9,10.3,12.4,2.2,1.1,9.1,16.1,0.0,0.1,0.2,.097,-1.2,0.9,-0.4,0.0
Paul Watson,SG,25,ATL,2,17,-7.1,.000,.429,.000,0.0,12.8,6.3,21.1,2.7,0.0,0.0,17.1,-0.1,0.0,-0.1,-0.320,-12.3,-1.5,-13.9,-0.1
Paul Watson,SF,25,TOR,8,70,17.3,.675,.474,.474,3.1,19.2,11.3,10.3,2.0,1.4,11.6,15.9,0.2,0.1,0.3,.198,1.4,1.4,2.9,0.1
Quinndary Weatherspoon,SG,23,SAS,11,78,3.2,.336,.294,.118,1.4,8.3,4.8,17.5,1.8,1.1,21.9,12.7,-0.2,0.0,-0.1,-0.071,-6.4,-1.0,-7.4,-0.1
Russell Westbrook,PG,31,HOU,57,2049,21.0,.536,.166,.297,5.1,18.1,11.5,35.6,2.1,0.8,15.0,34.4,1.7,2.5,4.2,.098,1.6,-0.1,1.5,1.8
Coby White,SG,19,CHI,65,1674,11.9,.506,.475,.163,1.8,14.0,7.6,16.5,1.4,0.3,11.4,24.4,-0.5,1.4,0.9,.026,-1.2,-1.6,-2.8,-0.4
Derrick White,SG,25,SAS,68,1677,16.4,.593,.391,.382,2.3,12.1,7.2,20.0,1.3,3.1,12.1,18.9,3.1,1.1,4.2,.119,1.2,0.1,1.3,1.4
Hassan Whiteside,C,30,POR,67,2008,25.0,.644,.010,.340,13.6,33.3,23.6,5.9,0.6,8.4,12.9,19.6,5.6,3.0,8.5,.204,2.5,0.7,3.2,2.6
Andrew Wiggins,SF-SG,24,TOT,54,1858,16.4,.536,.342,.274,3.6,12.3,7.8,18.1,1.1,2.4,10.7,27.4,0.8,1.1,1.9,.050,1.1,-1.4,-0.3,0.8
Andrew Wiggins,SF,24,MIN,42,1455,16.1,.535,.348,.262,3.4,12.9,7.9,18.1,0.9,2.1,10.8,28.0,0.6,0.8,1.4,.046,1.1,-1.5,-0.4,0.6
Andrew Wiggins,SG,24,GSW,12,403,17.5,.542,.314,.324,4.7,10.3,7.4,18.2,1.9,3.8,10.4,25.4,0.2,0.3,0.5,.064,0.9,-1.1,-0.2,0.2
Grant Williams,PF,21,BOS,69,1043,7.9,.505,.455,.256,6.1,12.1,9.1,8.5,1.4,3.2,17.6,11.6,0.1,1.4,1.6,.071,-4.1,1.4,-2.7,-0.2
Johnathan Williams,C,24,WAS,15,180,14.0,.566,.059,.382,14.0,25.3,19.4,5.9,0.3,3.9,11.2,10.3,0.3,0.1,0.4,.109,-0.8,-1.4,-2.2,0.0
Kenrich Williams,PF,25,NOP,39,832,7.5,.429,.660,.177,6.5,17.3,11.9,8.4,1.5,2.1,12.2,8.9,0.1,0.8,0.9,.050,-3.4,0.9,-2.4,-0.1
Lou Williams,SG,33,LAC,65,1864,17.3,.546,.337,.362,1.8,9.2,5.6,30.1,1.1,0.6,14.4,28.4,2.3,1.8,4.1,.105,2.2,-1.4,0.8,1.3
Marvin Williams,PF,33,TOT,58,1129,11.2,.587,.584,.213,2.8,14.3,8.5,7.6,1.6,2.4,10.2,12.5,1.1,1.3,2.4,.102,-1.6,1.0,-0.6,0.4
Marvin Williams,PF,33,CHO,41,808,11.8,.593,.557,.238,2.0,13.2,7.4,7.8,1.6,2.5,9.7,14.0,0.8,0.6,1.5,.087,-1.6,0.4,-1.3,0.1
Marvin Williams,PF,33,MIL,17,321,9.8,.566,.684,.123,4.9,17.1,11.4,7.2,1.4,2.2,11.8,8.7,0.3,0.6,0.9,.139,-1.6,2.5,0.9,0.2
Robert Williams,C,22,BOS,29,388,23.1,.728,.000,.386,11.2,24.0,17.7,10.1,2.7,8.4,16.9,13.6,1.1,1.0,2.0,.253,0.8,4.3,5.1,0.7
Nigel Williams-Goss,PG,25,UTA,10,50,8.1,.415,.438,.125,4.6,8.5,6.6,16.4,2.9,1.7,15.1,17.4,-0.1,0.1,0.0,.017,-5.2,1.3,-3.9,0.0
Zion Williamson,PF,19,NOP,24,668,24.1,.616,.039,.494,10.1,13.7,11.9,13.3,1.1,1.1,11.9,30.5,1.5,0.4,2.0,.141,3.5,-1.4,2.1,0.7
D.J. Wilson,PF,23,MIL,37,363,8.2,.475,.553,.136,3.5,20.5,12.5,9.1,0.4,1.2,12.0,18.1,-0.3,0.6,0.3,.046,-4.1,0.1,-4.0,-0.2
Justise Winslow,SF,23,MIA,11,352,8.5,.440,.209,.209,5.3,17.5,11.6,18.7,1.0,1.4,14.6,20.6,-0.4,0.4,0.0,-0.004,-3.5,0.0,-3.5,-0.1
Christian Wood,PF,24,DET,62,1325,23.2,.659,.276,.476,8.8,24.8,16.7,7.6,1.3,3.4,12.0,23.0,3.6,1.5,5.1,.183,3.5,-0.3,3.1,1.7
Delon Wright,SG,27,DAL,73,1570,15.4,.554,.309,.243,4.7,13.8,9.4,21.0,2.6,1.2,13.8,14.4,2.6,1.8,4.4,.134,0.0,1.8,1.9,1.5
Justin Wright-Foreman,PG,22,UTA,4,45,8.8,.437,.500,.200,0.0,11.8,6.1,23.0,2.2,0.0,12.1,24.1,-0.1,0.1,0.0,-0.008,-7.0,-2.0,-9.0,-0.1
Thaddeus Young,PF,31,CHI,64,1591,13.3,.521,.369,.120,6.2,16.1,10.9,11.3,2.8,1.4,13.9,19.7,-0.2,2.1,1.9,.058,-1.4,0.2,-1.2,0.3
Trae Young,PG,21,ATL,60,2120,23.9,.595,.455,.448,1.6,11.5,6.5,45.6,1.4,0.3,16.2,34.9,5.3,0.6,5.9,.133,6.2,-2.3,3.9,3.1
Cody Zeller,C,27,CHO,58,1341,18.8,.576,.157,.374,12.6,21.2,16.7,11.3,1.5,1.7,11.9,20.8,2.3,1.3,3.6,.129,0.2,-0.8,-0.6,0.5
Tyler Zeller,C,30,SAS,2,4,22.4,.250,.000,.000,80.9,26.9,53.9,0.0,0.0,0.0,0.0,43.2,0.0,0.0,0.0,-0.075,-0.3,-22.1,-22.4,0.0
Ante Å½iÅ¾iÄ‡,C,23,CLE,22,221,16.4,.597,.000,.264,9.0,24.4,16.6,4.2,1.5,1.9,11.1,17.5,0.3,0.2,0.5,.106,-1.7,-1.5,-3.2,-0.1
Ivica Zubac,C,22,LAC,72,1326,21.7,.651,.005,.431,15.9,26.4,21.3,9.1,0.6,4.4,11.8,16.4,4.4,2.3,6.6,.241,1.9,0.8,2.8,1.6